UNIQUEBarcode	Barcode	Barcode.seq	Sample.type	Donor.storage.time	Slurry.prep	Slurry.prep.person	Slurry.ID	Sample.ID	Cohort	Isolator	Amt.gavaged	Colonization.date	Mouse.group	Sex	DOB	DOD	Age.colonization	Age.death	Gavager	Week	Body.wt	Body.wt.pct.change	Fat.mass	Fat.mass.pct.change	Wk.food.consumption	Cum.food.consumption	Cecum.wt	Rel.cecum.wt	SI.wt	Rel.SI.wt	Gonadal.fat.wt	Rel.gonadal.fat.wt	Mes.fat.wt	Rel.mes.fat.wt	Brown.fat.wt	Rel.brown.fat.wt	Sac.order	FP.collection.date	DNA.extraction.date	DNA.extraction.person	DNA.conc	PCR.person	Amt.pool	Eqimolar.pool	Date.sequencing	bcl2fastq
806rcbc4_AN40	806rcbc4	TGGTCAACGATA	Fecal.slurry	73.14	1000g	EBS.EG	HC.slurry.A	HC.slurry.A	A	n.a.	n.a.	8/16/16	n.a.	n.a.	n.a.	n.a.	n.a.	n.a.	n.a.	n.a.	n.a.	n.a.	n.a.	n.a.	n.a.	n.a.	n.a.	n.a.	n.a.	n.a.	n.a.	n.a.	n.a.	n.a.	n.a.	n.a.	n.a.	n.a.	3/1/17	ZD	38.537	ZD	4.55	0.003	5/4/17	2.19
806rcbc5_AN40	806rcbc5	ATCGCACAGTAA	Fecal.slurry	83.43	1000g	EBS.EG	T1.slurry.A	T1.slurry.A	A	n.a.	n.a.	8/16/16	n.a.	n.a.	n.a.	n.a.	n.a.	n.a.	n.a.	n.a.	n.a.	n.a.	n.a.	n.a.	n.a.	n.a.	n.a.	n.a.	n.a.	n.a.	n.a.	n.a.	n.a.	n.a.	n.a.	n.a.	n.a.	n.a.	2/17/17	ZD	21.819	ZD	8.22	0.005	5/4/17	2.19
806rcbc6_AN40	806rcbc6	GTCGTGTAGCCT	Fecal.slurry	78	1000g	EBS.EG	T2.slurry.A	T2.slurry.A	A	n.a.	n.a.	8/16/16	n.a.	n.a.	n.a.	n.a.	n.a.	n.a.	n.a.	n.a.	n.a.	n.a.	n.a.	n.a.	n.a.	n.a.	n.a.	n.a.	n.a.	n.a.	n.a.	n.a.	n.a.	n.a.	n.a.	n.a.	n.a.	n.a.	2/22/17	ST	146.057	ZD	5.43	0.003	5/4/17	2.19
806rcbc18_AN40	806rcbc18	CATTATGGCGTG	Mouse.feces	78	1000g	EBS.EG	T2.slurry.A	40AN01	A	ISO384	250	8/16/16	T2	M	6/16/16	9/14/16	8.71	12.86	MR	1	25	-3.85	2.81	6.95	29	29	n.a.	n.a.	n.a.	n.a.	n.a.	n.a.	n.a.	n.a.	n.a.	n.a.	n.a.	8/23/16	2/28/17	ZD	184.698	ZD	5.93	0.004	5/4/17	2.19
806rcbc19_AN40	806rcbc19	CCAATACGCCTG	Mouse.feces	83.43	1000g	EBS.EG	T1.slurry.A	40AN02	A	ISO388	250	8/16/16	T1	M	6/20/16	9/14/16	8.14	12.29	MR	1	25.3	-1.17	2.13	-1.13	26	26	n.a.	n.a.	n.a.	n.a.	n.a.	n.a.	n.a.	n.a.	n.a.	n.a.	n.a.	8/23/16	2/20/17	ZD	165.398	ZD	20.5	0.012	5/4/17	2.19
806rcbc20_AN40	806rcbc20	GATCTGCGATCC	Mouse.feces	73.14	1000g	EBS.EG	HC.slurry.A	40AN03	A	ISO388	250	8/16/16	HC	M	6/20/16	9/14/16	8.14	12.29	MR	1	25.4	0	2.56	33.09	27	27	n.a.	n.a.	n.a.	n.a.	n.a.	n.a.	n.a.	n.a.	n.a.	n.a.	n.a.	8/23/16	2/21/17	ZD	432.12	ZD	5.97	0.004	5/4/17	2.19
806rcbc21_AN40	806rcbc21	CAGCTCATCAGC	Mouse.feces	78	1000g	EBS.EG	T2.slurry.A	40AN04	A	ISO384	180	8/16/16	T2	F	6/17/16	9/14/16	8.57	12.71	MR	1	18.7	2.75	2.2	-21.64	29	29	n.a.	n.a.	n.a.	n.a.	n.a.	n.a.	n.a.	n.a.	n.a.	n.a.	n.a.	8/23/16	2/21/17	ZD	221.206	ZD	17.22	0.01	5/4/17	2.19
806rcbc22_AN40	806rcbc22	CAAACAACAGCT	Mouse.feces	83.43	1000g	EBS.EG	T1.slurry.A	40AN05	A	ISO384	190	8/16/16	T1	F	6/16/16	9/14/16	8.71	12.86	MR	1	19	-0.52	1.91	-24.21	27	27	n.a.	n.a.	n.a.	n.a.	n.a.	n.a.	n.a.	n.a.	n.a.	n.a.	n.a.	8/23/16	2/23/17	ZD	229.998	ZD	5.74	0.003	5/4/17	2.19
806rcbc23_AN40	806rcbc23	GCAACACCATCC	Mouse.feces	73.14	1000g	EBS.EG	HC.slurry.A	40AN06	A	ISO384	240	8/16/16	HC	M	6/17/16	9/14/16	8.57	12.71	MR	1	24	-0.41	2.09	8.02	31	31	n.a.	n.a.	n.a.	n.a.	n.a.	n.a.	n.a.	n.a.	n.a.	n.a.	n.a.	8/23/16	2/22/17	ZD	164.89	ZD	17.1	0.01	5/4/17	2.19
806rcbc24_AN40	806rcbc24	GCGATATATCGC	Mouse.feces	83.43	1000g	EBS.EG	T2.slurry.A	40AN07	A	ISO384	250	8/16/16	T2	M	6/17/16	9/14/16	8.57	12.71	MR	1	24.6	-3.53	1.87	-17.11	31	31	n.a.	n.a.	n.a.	n.a.	n.a.	n.a.	n.a.	n.a.	n.a.	n.a.	n.a.	8/23/16	2/17/17	ZD	324.69	ZD	5.51	0.003	5/4/17	2.19
806rcbc25_AN40	806rcbc25	CGAGCAATCCTA	Mouse.feces	73.14	1000g	EBS.EG	T1.slurry.A	40AN08	A	ISO384	240	8/16/16	T1	M	6/17/16	9/14/16	8.57	12.71	MR	1	23.7	0	2.12	9.85	32	32	n.a.	n.a.	n.a.	n.a.	n.a.	n.a.	n.a.	n.a.	n.a.	n.a.	n.a.	8/23/16	2/20/17	ZD	255.106	ZD	5.37	0.003	5/4/17	2.19
806rcbc26_AN40	806rcbc26	AGTCGTGCACAT	Mouse.feces	83.43	1000g	EBS.EG	T2.slurry.A	40AN09	A	ISO384	200	8/16/16	T2	F	6/16/16	9/14/16	8.71	12.86	MR	1	19.1	-3.05	2.12	-12.59	28	28	n.a.	n.a.	n.a.	n.a.	n.a.	n.a.	n.a.	n.a.	n.a.	n.a.	n.a.	8/23/16	2/20/17	ZD	675.622	ZD	6.27	0.004	5/4/17	2.19
806rcbc63_AN40	806rcbc63	AGGCTTACGTGT	Mouse.feces	78	1000g	EBS.EG	T2.slurry.A	40AN01	A	ISO384	250	8/16/16	T2	M	6/16/16	9/14/16	8.71	12.86	MR	2	24.9	-4.23	2.67	1.66	26	55	n.a.	n.a.	n.a.	n.a.	n.a.	n.a.	n.a.	n.a.	n.a.	n.a.	n.a.	8/30/16	2/28/17	ZD	135.003	ZD	6.62	0.004	5/4/17	2.19
806rcbc64_AN40	806rcbc64	TCTCTACCACTC	Mouse.feces	83.43	1000g	EBS.EG	T1.slurry.A	40AN02	A	ISO388	250	8/16/16	T1	M	6/20/16	9/14/16	8.14	12.29	MR	2	26.5	3.52	2.4	11.34	27	53	n.a.	n.a.	n.a.	n.a.	n.a.	n.a.	n.a.	n.a.	n.a.	n.a.	n.a.	8/30/16	2/23/17	ZD	509.587	ZD	8.1	0.005	5/4/17	2.19
806rcbc65_AN40	806rcbc65	ACTTCCAACTTC	Mouse.feces	73.14	1000g	EBS.EG	HC.slurry.A	40AN03	A	ISO388	250	8/16/16	HC	M	6/20/16	9/14/16	8.14	12.29	MR	2	25.8	1.57	2.06	7.39	28	55	n.a.	n.a.	n.a.	n.a.	n.a.	n.a.	n.a.	n.a.	n.a.	n.a.	n.a.	8/30/16	2/23/17	ZD	250.272	ZD	10.18	0.006	5/4/17	2.19
806rcbc66_AN40	806rcbc66	CTCACCTAGGAA	Mouse.feces	78	1000g	EBS.EG	T2.slurry.A	40AN04	A	ISO384	180	8/16/16	T2	F	6/17/16	9/14/16	8.57	12.71	MR	2	18.9	3.85	2.16	-23.17	24	53	n.a.	n.a.	n.a.	n.a.	n.a.	n.a.	n.a.	n.a.	n.a.	n.a.	n.a.	8/30/16	2/28/17	ZD	147.597	ZD	11.25	0.007	5/4/17	2.19
806rcbc67_AN40	806rcbc67	GTGTTGTCGTGC	Mouse.feces	83.43	1000g	EBS.EG	T1.slurry.A	40AN05	A	ISO384	190	8/16/16	T1	F	6/16/16	9/14/16	8.71	12.86	MR	2	18.7	-2.09	2.21	-12.34	24	51	n.a.	n.a.	n.a.	n.a.	n.a.	n.a.	n.a.	n.a.	n.a.	n.a.	n.a.	8/30/16	2/22/17	YTO	102.081	ZD	4.89	0.003	5/4/17	2.19
806rcbc68_AN40	806rcbc68	CCACAGATCGAT	Mouse.feces	73.14	1000g	EBS.EG	HC.slurry.A	40AN06	A	ISO384	240	8/16/16	HC	M	6/17/16	9/14/16	8.57	12.71	MR	2	24.3	0.83	1.94	-0.07	27	58	n.a.	n.a.	n.a.	n.a.	n.a.	n.a.	n.a.	n.a.	n.a.	n.a.	n.a.	8/30/16	2/21/17	ZD	971.845	ZD	5.96	0.004	5/4/17	2.19
806rcbc69_AN40	806rcbc69	TATCGACACAAG	Mouse.feces	83.43	1000g	EBS.EG	T2.slurry.A	40AN07	A	ISO384	250	8/16/16	T2	M	6/17/16	9/14/16	8.57	12.71	MR	2	26.4	3.53	2.35	4.03	30	61	n.a.	n.a.	n.a.	n.a.	n.a.	n.a.	n.a.	n.a.	n.a.	n.a.	n.a.	8/30/16	2/22/17	ZD	583.123	ZD	7.01	0.004	5/4/17	2.19
806rcbc70_AN40	806rcbc70	GATTCCGGCTCA	Mouse.feces	73.14	1000g	EBS.EG	T1.slurry.A	40AN08	A	ISO384	240	8/16/16	T1	M	6/17/16	9/14/16	8.57	12.71	MR	2	24.1	1.69	2.27	17.96	27	59	n.a.	n.a.	n.a.	n.a.	n.a.	n.a.	n.a.	n.a.	n.a.	n.a.	n.a.	8/30/16	2/28/17	ZD	206.894	ZD	10.09	0.006	5/4/17	2.19
806rcbc71_AN40	806rcbc71	CGTAATTGCCGC	Mouse.feces	83.43	1000g	EBS.EG	T2.slurry.A	40AN09	A	ISO384	200	8/16/16	T2	F	6/16/16	9/14/16	8.71	12.86	MR	2	19	-3.55	2.34	-3.36	25	53	n.a.	n.a.	n.a.	n.a.	n.a.	n.a.	n.a.	n.a.	n.a.	n.a.	n.a.	8/30/16	2/24/17	ZD	284.443	ZD	13.03	0.008	5/4/17	2.19
806rcbc108_AN40	806rcbc108	GCACACCTGATA	Mouse.feces	78	1000g	EBS.EG	T2.slurry.A	40AN01	A	ISO384	250	8/16/16	T2	M	6/16/16	9/14/16	8.71	12.86	MR	3	26.5	1.92	1.76	-33.22	27	82	n.a.	n.a.	n.a.	n.a.	n.a.	n.a.	n.a.	n.a.	n.a.	n.a.	n.a.	9/6/16	2/24/17	ZD	69.68	ZD	7.93	0.005	5/4/17	2.19
806rcbc109_AN40	806rcbc109	GCGACAATTACA	Mouse.feces	83.43	1000g	EBS.EG	T1.slurry.A	40AN02	A	ISO388	250	8/16/16	T1	M	6/20/16	9/14/16	8.14	12.29	MR	3	27.2	6.25	2.04	-5.59	31	84	n.a.	n.a.	n.a.	n.a.	n.a.	n.a.	n.a.	n.a.	n.a.	n.a.	n.a.	9/6/16	2/22/17	ZD	176.804	ZD	5.08	0.003	5/4/17	2.19
806rcbc110_AN40	806rcbc110	TCATGCTCCATT	Mouse.feces	73.14	1000g	EBS.EG	HC.slurry.A	40AN03	A	ISO388	250	8/16/16	HC	M	6/20/16	9/14/16	8.14	12.29	MR	3	26.3	3.54	2.59	34.76	29	84	n.a.	n.a.	n.a.	n.a.	n.a.	n.a.	n.a.	n.a.	n.a.	n.a.	n.a.	9/6/16	2/20/17	ZD	170.086	ZD	8.18	0.005	5/4/17	2.19
806rcbc111_AN40	806rcbc111	AGCTGTCAAGCT	Mouse.feces	78	1000g	EBS.EG	T2.slurry.A	40AN04	A	ISO384	180	8/16/16	T2	F	6/17/16	9/14/16	8.57	12.71	MR	3	19.2	5.49	1.92	-31.64	25	78	n.a.	n.a.	n.a.	n.a.	n.a.	n.a.	n.a.	n.a.	n.a.	n.a.	n.a.	9/6/16	2/17/17	ZD	154.41	ZD	6.53	0.004	5/4/17	2.19
806rcbc112_AN40	806rcbc112	GAGAGCAACAGA	Mouse.feces	83.43	1000g	EBS.EG	T1.slurry.A	40AN05	A	ISO384	190	8/16/16	T1	F	6/16/16	9/14/16	8.71	12.86	MR	3	20	4.71	2.13	-15.77	n.a.	n.a.	n.a.	n.a.	n.a.	n.a.	n.a.	n.a.	n.a.	n.a.	n.a.	n.a.	n.a.	9/6/16	2/22/17	ZD	125.559	ZD	6.41	0.004	5/4/17	2.19
806rcbc113_AN40	806rcbc113	TACTCGGGAACT	Mouse.feces	73.14	1000g	EBS.EG	HC.slurry.A	40AN06	A	ISO384	240	8/16/16	HC	M	6/17/16	9/14/16	8.57	12.71	MR	3	24.6	2.07	1.9	-2.11	28	86	n.a.	n.a.	n.a.	n.a.	n.a.	n.a.	n.a.	n.a.	n.a.	n.a.	n.a.	9/6/16	2/27/17	ZD	337.497	ZD	10.8	0.006	5/4/17	2.19
806rcbc114_AN40	806rcbc114	CGTGCTTAGGCT	Mouse.feces	83.43	1000g	EBS.EG	T2.slurry.A	40AN07	A	ISO384	250	8/16/16	T2	M	6/17/16	9/14/16	8.57	12.71	MR	3	27.2	6.67	1.85	-17.97	30	91	n.a.	n.a.	n.a.	n.a.	n.a.	n.a.	n.a.	n.a.	n.a.	n.a.	n.a.	9/6/16	2/23/17	ZD	227.072	ZD	5.25	0.003	5/4/17	2.19
806rcbc115_AN40	806rcbc115	TACCGAAGGTAT	Mouse.feces	73.14	1000g	EBS.EG	T1.slurry.A	40AN08	A	ISO384	240	8/16/16	T1	M	6/17/16	9/14/16	8.57	12.71	MR	3	25.2	6.33	2.51	30.13	28	87	n.a.	n.a.	n.a.	n.a.	n.a.	n.a.	n.a.	n.a.	n.a.	n.a.	n.a.	9/6/16	2/28/17	ZD	114.903	ZD	7.41	0.004	5/4/17	2.19
806rcbc116_AN40	806rcbc116	CACTCATCATTC	Mouse.feces	83.43	1000g	EBS.EG	T2.slurry.A	40AN09	A	ISO384	200	8/16/16	T2	F	6/16/16	9/14/16	8.71	12.86	MR	3	19.7	0	2.38	-1.54	27	80	n.a.	n.a.	n.a.	n.a.	n.a.	n.a.	n.a.	n.a.	n.a.	n.a.	n.a.	9/6/16	2/9/17	ZD	64.825	ZD	5.69	0.003	5/4/17	2.19
806rcbc153_AN40	806rcbc153	GAAACATCCCAC	Mouse.feces	78	1000g	EBS.EG	T2.slurry.A	40AN01	A	ISO384	250	8/16/16	T2	M	6/16/16	9/14/16	8.71	12.86	MR	4	26.8	3.08	2.01	-23.67	27	109	0.483	0.018	1.627	0.0607	0.497	0.0185	0.538	0.0201	0.0923	0.0034	1	9/13/16	2/21/17	ZD	310.724	ZD	9.97	0.006	5/4/17	2.19
806rcbc154_AN40	806rcbc154	CGTACTCTCGAG	Mouse.feces	83.43	1000g	EBS.EG	T1.slurry.A	40AN02	A	ISO388	250	8/16/16	T1	M	6/20/16	9/14/16	8.14	12.29	MR	4	27.3	6.64	2.64	22.46	28	112	0.5885	0.0216	1.488	0.0545	0.4164	0.0153	0.4684	0.0172	0.0395	0.0014	2	9/13/16	2/22/17	ST	437.896	ZD	7.79	0.005	5/4/17	2.19
806rcbc155_AN40	806rcbc155	TCAGTTCTCGTT	Mouse.feces	73.14	1000g	EBS.EG	HC.slurry.A	40AN03	A	ISO388	250	8/16/16	HC	M	6/20/16	9/14/16	8.14	12.29	MR	4	27.3	7.48	2.12	10.37	27	111	0.6124	0.0224	1.4454	0.0529	0.367	0.0134	0.367	0.0134	0.094	0.0034	3	9/13/16	2/28/17	ZD	139.141	ZD	5.71	0.003	5/4/17	2.19
806rcbc156_AN40	806rcbc156	TCGTGCGTGTTG	Mouse.feces	78	1000g	EBS.EG	T2.slurry.A	40AN04	A	ISO384	180	8/16/16	T2	F	6/17/16	9/14/16	8.57	12.71	MR	4	20	9.89	2.32	-17.38	25	103	0.3771	0.0189	1.1253	0.0563	0.2631	0.0132	0.3246	0.0162	0.0586	0.0029	4	9/13/16	2/8/17	ST	151.642	ZD	5.71	0.003	5/4/17	2.19
806rcbc157_AN40	806rcbc157	GTTATCGCATGG	Mouse.feces	83.43	1000g	EBS.EG	T1.slurry.A	40AN05	A	ISO384	190	8/16/16	T1	F	6/16/16	9/14/16	8.71	12.86	MR	4	20.8	8.9	2.01	-20.48	28	n.a.	0.3355	0.0161	1.6167	0.0777	n.a.	n.a.	0.3451	0.0166	0.1359	0.0065	5	9/13/16	2/24/17	ZD	138.641	ZD	8.61	0.005	5/4/17	2.19
806rcbc158_AN40	806rcbc158	GATCACGAGAGG	Mouse.feces	73.14	1000g	EBS.EG	HC.slurry.A	40AN06	A	ISO384	240	8/16/16	HC	M	6/17/16	9/14/16	8.57	12.71	MR	4	25.5	5.81	1.99	2.47	29	115	0.5811	0.0228	1.0783	0.0423	0.3711	0.0146	0.3731	0.0146	0.0804	0.0032	6	9/13/16	2/8/17	ZD	298.76	ZD	12.39	0.007	5/4/17	2.19
806rcbc159_AN40	806rcbc159	GTAAATTCAGGC	Mouse.feces	83.43	1000g	EBS.EG	T2.slurry.A	40AN07	A	ISO384	250	8/16/16	T2	M	6/17/16	9/14/16	8.57	12.71	MR	4	27.2	6.67	2.19	-3.12	29	120	0.6173	0.0227	1.4775	0.0543	0.4222	0.0155	0.3405	0.0125	0.1001	0.0037	7	9/13/16	2/8/17	ST	295.378	ZD	6.12	0.004	5/4/17	2.19
806rcbc160_AN40	806rcbc160	AGTGTTTCGGAC	Mouse.feces	73.14	1000g	EBS.EG	T1.slurry.A	40AN08	A	ISO384	240	8/16/16	T1	M	6/17/16	9/14/16	8.57	12.71	MR	4	25.8	8.86	2.43	26.08	28	115	0.5103	0.0198	1.5295	0.0593	0.3929	0.0152	0.2019	0.0078	0.0765	0.003	8	9/13/16	2/22/17	ZD	374.776	ZD	7.89	0.005	5/4/17	2.19
806rcbc161_AN40	806rcbc161	ACACGCGGTTTA	Mouse.feces	83.43	1000g	EBS.EG	T2.slurry.A	40AN09	A	ISO384	200	8/16/16	T2	F	6/16/16	9/14/16	8.71	12.86	MR	4	20	1.52	2.29	-5.2	26	106	0.3886	0.0194	1.427	0.0714	0.1782	0.0089	0.2866	0.0143	0.0759	0.0038	9	9/13/16	2/8/17	ST	105.012	ZD	5.51	0.003	5/4/17	2.19
806rcbc7_AN40	806rcbc7	AGCGGAGGTTAG	Fecal.slurry	74	9g	EBS	HC.slurry.B	HC.slurry.B	B	n.a.	n.a.	8/22/16	n.a.	n.a.	n.a.	n.a.	n.a.	n.a.	n.a.	n.a.	n.a.	n.a.	n.a.	n.a.	n.a.	n.a.	n.a.	n.a.	n.a.	n.a.	n.a.	n.a.	n.a.	n.a.	n.a.	n.a.	n.a.	n.a.	3/1/17	ZD	37.209	ZD	6.81	0.004	5/4/17	2.19
806rcbc8_AN40	806rcbc8	ATCCTTTGGTTC	Fecal.slurry	84.29	9g	EBS	T1.slurry.B	T1.slurry.B	B	n.a.	n.a.	8/22/16	n.a.	n.a.	n.a.	n.a.	n.a.	n.a.	n.a.	n.a.	n.a.	n.a.	n.a.	n.a.	n.a.	n.a.	n.a.	n.a.	n.a.	n.a.	n.a.	n.a.	n.a.	n.a.	n.a.	n.a.	n.a.	n.a.	2/16/17	ZD	21.594	ZD	15.14	0.009	5/4/17	2.19
806rcbc9_AN40	806rcbc9	TACAGCGCATAC	Fecal.slurry	78.86	9g	EBS	T2.slurry.B	T2.slurry.B	B	n.a.	n.a.	8/22/16	n.a.	n.a.	n.a.	n.a.	n.a.	n.a.	n.a.	n.a.	n.a.	n.a.	n.a.	n.a.	n.a.	n.a.	n.a.	n.a.	n.a.	n.a.	n.a.	n.a.	n.a.	n.a.	n.a.	n.a.	n.a.	n.a.	2/21/17	ZD	93.773	ZD	11.14	0.007	5/4/17	2.19
806rcbc27_AN40	806rcbc27	GTATCTGCGCGT	Mouse.feces	74	9g	EBS	HC.slurry.B	40AN10	B	ISO290	250	8/22/16	HC	M	6/20/16	9/20/16	9	13.14	AV	1	26.3	-2.59	3.09	-1.79	33	33	n.a.	n.a.	n.a.	n.a.	n.a.	n.a.	n.a.	n.a.	n.a.	n.a.	n.a.	8/29/16	2/27/17	ZD	242.129	ZD	13.45	0.008	5/4/17	2.19
806rcbc28_AN40	806rcbc28	CGAGGGAAAGTC	Mouse.feces	84.29	9g	EBS	T1.slurry.B	40AN11	B	ISO290	200	8/22/16	T1	F	6/22/16	9/20/16	8.71	12.86	AV	1	20	-1.48	2.5	-7.73	27	27	n.a.	n.a.	n.a.	n.a.	n.a.	n.a.	n.a.	n.a.	n.a.	n.a.	n.a.	8/29/16	2/17/17	ZD	264.668	ZD	12.86	0.008	5/4/17	2.19
806rcbc29_AN40	806rcbc29	CAAATTCGGGAT	Mouse.feces	78.86	9g	EBS	T2.slurry.B	40AN12	B	ISO290	250	8/22/16	T2	M	6/20/16	9/20/16	9	13.14	AV	1	26.3	-1.87	2.97	19.13	33	33	n.a.	n.a.	n.a.	n.a.	n.a.	n.a.	n.a.	n.a.	n.a.	n.a.	n.a.	8/29/16	2/8/17	ST	193.714	ZD	7.46	0.004	5/4/17	2.19
806rcbc30_AN40	806rcbc30	AGATTGACCAAC	Mouse.feces	74	9g	EBS	HC.slurry.B	40AN13	B	ISO290	195	8/22/16	HC	F	6/22/16	9/20/16	8.71	12.86	AV	1	19.1	-2.05	2.18	-20.74	27	27	n.a.	n.a.	n.a.	n.a.	n.a.	n.a.	n.a.	n.a.	n.a.	n.a.	n.a.	8/29/16	2/16/17	ZD	272.298	ZD	7.87	0.005	5/4/17	2.19
806rcbc31_AN40	806rcbc31	AGTTACGAGCTA	Mouse.feces	84.29	9g	EBS	T1.slurry.B	40AN14	B	ISO290	240	8/22/16	T1	M	6/22/16	9/20/16	8.71	12.86	AV	1	23.4	-3.7	2.06	-21.76	29	29	n.a.	n.a.	n.a.	n.a.	n.a.	n.a.	n.a.	n.a.	n.a.	n.a.	n.a.	8/29/16	2/9/17	ZD	176.689	ZD	8.47	0.005	5/4/17	2.19
806rcbc32_AN40	806rcbc32	GCATATGCACTG	Mouse.feces	78.86	9g	EBS	T2.slurry.B	40AN15	B	ISO290	200	8/22/16	T2	F	6/22/16	9/20/16	8.71	12.86	AV	1	20	-1.96	1.9	-4.84	30	30	n.a.	n.a.	n.a.	n.a.	n.a.	n.a.	n.a.	n.a.	n.a.	n.a.	n.a.	8/29/16	2/10/17	ZD	523.356	ZD	5.24	0.003	5/4/17	2.19
806rcbc33_AN40	806rcbc33	CAACTCCCGTGA	Mouse.feces	74	9g	EBS	HC.slurry.B	40AN16	B	ISO290	240	8/22/16	HC	M	6/22/16	9/20/16	8.71	12.86	AV	1	23.6	-2.48	1.96	-7.7	27	27	n.a.	n.a.	n.a.	n.a.	n.a.	n.a.	n.a.	n.a.	n.a.	n.a.	n.a.	8/29/16	2/20/17	ZD	235.35	ZD	9.29	0.006	5/4/17	2.19
806rcbc72_AN40	806rcbc72	GGTGACTAGTTC	Mouse.feces	74	9g	EBS	HC.slurry.B	40AN10	B	ISO290	250	8/22/16	HC	M	6/20/16	9/20/16	9	13.14	AV	2	27.1	0.37	2.75	-12.57	33	66	n.a.	n.a.	n.a.	n.a.	n.a.	n.a.	n.a.	n.a.	n.a.	n.a.	n.a.	9/6/16	2/21/17	ZD	194.073	ZD	3.99	0.002	5/4/17	2.19
806rcbc73_AN40	806rcbc73	ATGGGTTCCGTC	Mouse.feces	84.29	9g	EBS	T1.slurry.B	40AN11	B	ISO290	200	8/22/16	T1	F	6/22/16	9/20/16	8.71	12.86	AV	2	20.1	-0.99	2.26	-16.56	33	60	n.a.	n.a.	n.a.	n.a.	n.a.	n.a.	n.a.	n.a.	n.a.	n.a.	n.a.	9/6/16	2/15/17	ZD	164.214	ZD	5.58	0.003	5/4/17	2.19
806rcbc74_AN40	806rcbc74	TAGGCATGCTTG	Mouse.feces	78.86	9g	EBS	T2.slurry.B	40AN12	B	ISO290	250	8/22/16	T2	M	6/20/16	9/20/16	9	13.14	AV	2	27	0.75	2.09	-16.03	35	68	n.a.	n.a.	n.a.	n.a.	n.a.	n.a.	n.a.	n.a.	n.a.	n.a.	n.a.	9/6/16	2/24/17	ZD	208.896	ZD	12.07	0.007	5/4/17	2.19
806rcbc75_AN40	806rcbc75	AACTAGTTCAGG	Mouse.feces	74	9g	EBS	HC.slurry.B	40AN13	B	ISO290	195	8/22/16	HC	F	6/22/16	9/20/16	8.71	12.86	AV	2	19.5	0	2.02	-26.45	31	58	n.a.	n.a.	n.a.	n.a.	n.a.	n.a.	n.a.	n.a.	n.a.	n.a.	n.a.	9/6/16	2/8/17	ZD	138.782	ZD	7.15	0.004	5/4/17	2.19
806rcbc76_AN40	806rcbc76	ATTCTGCCGAAG	Mouse.feces	84.29	9g	EBS	T1.slurry.B	40AN14	B	ISO290	240	8/22/16	T1	M	6/22/16	9/20/16	8.71	12.86	AV	2	24.3	0	2.34	-11.14	30	59	n.a.	n.a.	n.a.	n.a.	n.a.	n.a.	n.a.	n.a.	n.a.	n.a.	n.a.	9/6/16	2/22/17	YTO	308.948	ZD	12.86	0.008	5/4/17	2.19
806rcbc77_AN40	806rcbc77	AGCATGTCCCGT	Mouse.feces	78.86	9g	EBS	T2.slurry.B	40AN15	B	ISO290	200	8/22/16	T2	F	6/22/16	9/20/16	8.71	12.86	AV	2	21.4	4.9	2.05	2.59	34	64	n.a.	n.a.	n.a.	n.a.	n.a.	n.a.	n.a.	n.a.	n.a.	n.a.	n.a.	9/6/16	2/22/17	ZD	229.757	ZD	4.27	0.003	5/4/17	2.19
806rcbc78_AN40	806rcbc78	GTACGATATGAC	Mouse.feces	74	9g	EBS	HC.slurry.B	40AN16	B	ISO290	240	8/22/16	HC	M	6/22/16	9/20/16	8.71	12.86	AV	2	24	-0.83	2.2	3.65	30	57	n.a.	n.a.	n.a.	n.a.	n.a.	n.a.	n.a.	n.a.	n.a.	n.a.	n.a.	9/6/16	2/23/17	ZD	254.892	ZD	13.12	0.008	5/4/17	2.19
806rcbc117_AN40	806rcbc117	GTATTTCGGACG	Mouse.feces	74	9g	EBS	HC.slurry.B	40AN10	B	ISO290	250	8/22/16	HC	M	6/20/16	9/20/16	9	13.14	AV	3	27.8	2.96	2.32	-26.35	25	91	n.a.	n.a.	n.a.	n.a.	n.a.	n.a.	n.a.	n.a.	n.a.	n.a.	n.a.	9/12/16	2/8/17	ST	122.161	ZD	9.48	0.006	5/4/17	2.19
806rcbc118_AN40	806rcbc118	TATCTATCCTGC	Mouse.feces	84.29	9g	EBS	T1.slurry.B	40AN11	B	ISO290	200	8/22/16	T1	F	6/22/16	9/20/16	8.71	12.86	AV	3	21.1	3.94	2.15	-20.41	24	84	n.a.	n.a.	n.a.	n.a.	n.a.	n.a.	n.a.	n.a.	n.a.	n.a.	n.a.	9/12/16	2/20/17	ZD	209.191	ZD	13.84	0.008	5/4/17	2.19
806rcbc119_AN40	806rcbc119	TTGCCAAGAGTC	Mouse.feces	78.86	9g	EBS	T2.slurry.B	40AN12	B	ISO290	250	8/22/16	T2	M	6/20/16	9/20/16	9	13.14	AV	3	26.2	-2.24	2.82	13.23	n.a.	n.a.	n.a.	n.a.	n.a.	n.a.	n.a.	n.a.	n.a.	n.a.	n.a.	n.a.	n.a.	9/12/16	2/9/17	ZD	115.219	ZD	14.17	0.008	5/4/17	2.19
806rcbc120_AN40	806rcbc120	AGTAGCGGAAGA	Mouse.feces	74	9g	EBS	HC.slurry.B	40AN13	B	ISO290	195	8/22/16	HC	F	6/22/16	9/20/16	8.71	12.86	AV	3	20.9	7.18	2.35	-14.51	25	83	n.a.	n.a.	n.a.	n.a.	n.a.	n.a.	n.a.	n.a.	n.a.	n.a.	n.a.	9/12/16	2/8/17	ST	251.133	ZD	3.44	0.002	5/4/17	2.19
806rcbc121_AN40	806rcbc121	GCAATTAGGTAC	Mouse.feces	84.29	9g	EBS	T1.slurry.B	40AN14	B	ISO290	240	8/22/16	T1	M	6/22/16	9/20/16	8.71	12.86	AV	3	24.6	1.23	1.99	-24.5	24	83	n.a.	n.a.	n.a.	n.a.	n.a.	n.a.	n.a.	n.a.	n.a.	n.a.	n.a.	9/12/16	2/22/17	ZD	214.964	ZD	7.1	0.004	5/4/17	2.19
806rcbc122_AN40	806rcbc122	CATACCGTGAGT	Mouse.feces	78.86	9g	EBS	T2.slurry.B	40AN15	B	ISO290	200	8/22/16	T2	F	6/22/16	9/20/16	8.71	12.86	AV	3	21.5	5.39	3.02	51.14	26	90	n.a.	n.a.	n.a.	n.a.	n.a.	n.a.	n.a.	n.a.	n.a.	n.a.	n.a.	9/12/16	2/21/17	ZD	739.858	ZD	4.67	0.003	5/4/17	2.19
806rcbc123_AN40	806rcbc123	ATGTGTGTAGAC	Mouse.feces	74	9g	EBS	HC.slurry.B	40AN16	B	ISO290	240	8/22/16	HC	M	6/22/16	9/20/16	8.71	12.86	AV	3	25.1	3.72	1.82	-14.22	23	80	n.a.	n.a.	n.a.	n.a.	n.a.	n.a.	n.a.	n.a.	n.a.	n.a.	n.a.	9/12/16	2/15/17	ZD	294.831	ZD	4.66	0.003	5/4/17	2.19
806rcbc162_AN40	806rcbc162	TGGCAAATCTAG	Mouse.feces	74	9g	EBS	HC.slurry.B	40AN10	B	ISO290	250	8/22/16	HC	M	6/20/16	9/20/16	9	13.14	AV	4	28.6	5.93	2.24	-28.84	28	119	0.9094	0.0318	1.5269	0.0534	0.3624	0.0127	0.426	0.0149	0.095	0.0033	1	9/19/16	2/23/17	ZD	192.943	ZD	6.45	0.004	5/4/17	2.19
806rcbc163_AN40	806rcbc163	CACCTTACCTTA	Mouse.feces	84.29	9g	EBS	T1.slurry.B	40AN11	B	ISO290	200	8/22/16	T1	F	6/22/16	9/20/16	8.71	12.86	AV	4	21.4	5.42	3.93	45.4	26	110	0.488	0.0228	1.4369	0.0671	0.1436	0.0067	0.3718	0.0174	0.0637	0.003	2	9/19/16	2/24/17	ZD	292.664	ZD	6.21	0.004	5/4/17	2.19
806rcbc164_AN40	806rcbc164	TTAACCTTCCTG	Mouse.feces	78.86	9g	EBS	T2.slurry.B	40AN12	B	ISO290	250	8/22/16	T2	M	6/20/16	9/20/16	9	13.14	AV	4	26.6	-0.75	2.22	-10.86	27	n.a.	0.5567	0.0209	1.2096	0.0455	0.4205	0.0158	0.4782	0.018	0.0741	0.0028	4	9/19/16	2/8/17	ZD	223.512	ZD	7.5	0.004	5/4/17	2.19
806rcbc165_AN40	806rcbc165	TGCCGTATGCCA	Mouse.feces	74	9g	EBS	HC.slurry.B	40AN13	B	ISO290	195	8/22/16	HC	F	6/22/16	9/20/16	8.71	12.86	AV	4	21.5	10.26	2.42	-12.14	25	108	0.8077	0.0376	1.421	0.0661	0.1507	0.007	0.3762	0.0175	0.054	0.0025	3	9/19/16	2/22/17	ST	103.137	ZD	4.53	0.003	5/4/17	2.19
806rcbc166_AN40	806rcbc166	CGTGACAATAGT	Mouse.feces	84.29	9g	EBS	T1.slurry.B	40AN14	B	ISO290	240	8/22/16	T1	M	6/22/16	9/20/16	8.71	12.86	AV	4	25.4	4.53	2.26	-14.11	24	107	0.6074	0.0239	1.5565	0.0613	0.3858	0.0152	0.4418	0.0174	0.073	0.0029	5	9/19/16	2/10/17	ZD	252.635	ZD	4.61	0.003	5/4/17	2.19
806rcbc167_AN40	806rcbc167	CGCTACAACTCG	Mouse.feces	78.86	9g	EBS	T2.slurry.B	40AN15	B	ISO290	200	8/22/16	T2	F	6/22/16	9/20/16	8.71	12.86	AV	4	21.6	5.88	2.14	7.15	28	118	0.4926	0.0228	1.4061	0.0651	0.1253	0.0058	0.3677	0.017	0.0577	0.0027	6	9/19/16	2/27/17	ZD	40.191	ZD	6.39	0.004	5/4/17	2.19
806rcbc168_AN40	806rcbc168	TTAAGACAGTCG	Mouse.feces	74	9g	EBS	HC.slurry.B	40AN16	B	ISO290	240	8/22/16	HC	M	6/22/16	9/20/16	8.71	12.86	AV	4	25.4	4.96	2.31	8.85	25	105	0.3753	0.0148	1.3799	0.0543	0.333	0.0131	0.3664	0.0144	0.0755	0.003	7	9/19/16	2/10/17	ZD	163.23	ZD	7.51	0.004	5/4/17	2.19
806rcbc10_AN40	806rcbc10	ACCGGTATGTAC	Fecal.slurry	74.43	9g	EG	HC.slurry.C	HC.slurry.C	C	n.a.	n.a.	8/25/16	n.a.	n.a.	n.a.	n.a.	n.a.	n.a.	n.a.	n.a.	n.a.	n.a.	n.a.	n.a.	n.a.	n.a.	n.a.	n.a.	n.a.	n.a.	n.a.	n.a.	n.a.	n.a.	n.a.	n.a.	n.a.	n.a.	2/22/17	ST	216.474	ZD	4.42	0.003	5/4/17	2.19
806rcbc11_AN40	806rcbc11	AATTGTGTCGGA	Fecal.slurry	84.71	9g	EG	T1.slurry.C	T1.slurry.C	C	n.a.	n.a.	8/25/16	n.a.	n.a.	n.a.	n.a.	n.a.	n.a.	n.a.	n.a.	n.a.	n.a.	n.a.	n.a.	n.a.	n.a.	n.a.	n.a.	n.a.	n.a.	n.a.	n.a.	n.a.	n.a.	n.a.	n.a.	n.a.	n.a.	2/23/17	ZD	9.502	ZD	6.03	0.004	5/4/17	2.19
806rcbc12_AN40	806rcbc12	TGCATACACTGG	Fecal.slurry	79.29	9g	EG	T2.slurry.C	T2.slurry.C	C	n.a.	n.a.	8/25/16	n.a.	n.a.	n.a.	n.a.	n.a.	n.a.	n.a.	n.a.	n.a.	n.a.	n.a.	n.a.	n.a.	n.a.	n.a.	n.a.	n.a.	n.a.	n.a.	n.a.	n.a.	n.a.	n.a.	n.a.	n.a.	n.a.	2/27/17	ZD	114.524	ZD	3.19	0.002	5/4/17	2.19
806rcbc34_AN40	806rcbc34	TTGCGTTAGCAG	Mouse.feces	84.71	9g	EG	T1.slurry.C	40AN17	C	ISO388	210	8/25/16	T1	F	6/25/16	9/22/16	8.71	12.71	MR	1	19.8	-6.16	2.15	9.57	23	23	n.a.	n.a.	n.a.	n.a.	n.a.	n.a.	n.a.	n.a.	n.a.	n.a.	n.a.	9/1/16	2/28/17	ZD	249.066	ZD	6.32	0.004	5/4/17	2.19
806rcbc35_AN40	806rcbc35	TACGAGCCCTAA	Mouse.feces	79.29	9g	EG	T2.slurry.C	40AN18	C	ISO388	200	8/25/16	T2	F	6/25/16	9/22/16	8.71	12.71	MR	1	19.6	-2.97	2.21	-1.69	25	25	n.a.	n.a.	n.a.	n.a.	n.a.	n.a.	n.a.	n.a.	n.a.	n.a.	n.a.	9/1/16	2/16/17	ZD	426.628	ZD	7.66	0.005	5/4/17	2.19
806rcbc36_AN40	806rcbc36	CACTACGCTAGA	Mouse.feces	74.43	9g	EG	HC.slurry.C	40AN19	C	ISO388	200	8/25/16	HC	F	6/25/16	9/22/16	8.71	12.71	MR	1	20.4	0.49	3.17	-16.37	25	25	n.a.	n.a.	n.a.	n.a.	n.a.	n.a.	n.a.	n.a.	n.a.	n.a.	n.a.	9/1/16	2/22/17	ST	155.339	ZD	5.97	0.004	5/4/17	2.19
806rcbc37_AN40	806rcbc37	TGCAGTCCTCGA	Mouse.feces	84.71	9g	EG	T1.slurry.C	40AN20	C	ISO388	250	8/25/16	T1	M	6/25/16	9/22/16	8.71	12.71	MR	1	24.6	-0.81	2.58	5.51	26	26	n.a.	n.a.	n.a.	n.a.	n.a.	n.a.	n.a.	n.a.	n.a.	n.a.	n.a.	9/1/16	2/21/17	ZD	551.982	ZD	7.58	0.005	5/4/17	2.19
806rcbc38_AN40	806rcbc38	ACCATAGCTCCG	Mouse.feces	79.29	9g	EG	T2.slurry.C	40AN21	C	ISO388	250	8/25/16	T2	M	6/25/16	9/22/16	8.71	12.71	MR	1	24.3	-2.8	3.12	45.82	25	25	n.a.	n.a.	n.a.	n.a.	n.a.	n.a.	n.a.	n.a.	n.a.	n.a.	n.a.	9/1/16	2/17/17	ZD	589.229	ZD	6.07	0.004	5/4/17	2.19
806rcbc39_AN40	806rcbc39	TCGACATCTCTT	Mouse.feces	74.43	9g	EG	HC.slurry.C	40AN22	C	ISO388	200	8/25/16	HC	F	6/20/16	9/22/16	9.43	13.43	MR	1	19.5	0	2.32	-6.82	23	23	n.a.	n.a.	n.a.	n.a.	n.a.	n.a.	n.a.	n.a.	n.a.	n.a.	n.a.	9/1/16	2/23/17	ZD	134.682	ZD	6.46	0.004	5/4/17	2.19
806rcbc40_AN40	806rcbc40	GAACACTTTGGA	Mouse.feces	84.71	9g	EG	T1.slurry.C	40AN23	C	ISO388	220	8/25/16	T1	F	6/20/16	9/22/16	9.43	13.43	MR	1	21.7	-0.46	2.29	-22.14	27	27	n.a.	n.a.	n.a.	n.a.	n.a.	n.a.	n.a.	n.a.	n.a.	n.a.	n.a.	9/1/16	2/22/17	YTO	237.197	ZD	20.07	0.012	5/4/17	2.19
806rcbc79_AN40	806rcbc79	GTGGTGGTTTCC	Mouse.feces	84.71	9g	EG	T1.slurry.C	40AN17	C	ISO388	210	8/25/16	T1	F	6/25/16	9/22/16	8.71	12.71	MR	2	20.2	-4.27	2.2	11.95	28	51	n.a.	n.a.	n.a.	n.a.	n.a.	n.a.	n.a.	n.a.	n.a.	n.a.	n.a.	9/8/16	2/17/17	ZD	277.983	ZD	6.4	0.004	5/4/17	2.19
806rcbc80_AN40	806rcbc80	TAGTATGCGCAA	Mouse.feces	79.29	9g	EG	T2.slurry.C	40AN18	C	ISO388	200	8/25/16	T2	F	6/25/16	9/22/16	8.71	12.71	MR	2	19.6	-2.97	2.74	21.86	30	55	n.a.	n.a.	n.a.	n.a.	n.a.	n.a.	n.a.	n.a.	n.a.	n.a.	n.a.	9/8/16	2/16/17	ZD	100.365	ZD	8.66	0.005	5/4/17	2.19
806rcbc81_AN40	806rcbc81	TGCGCTGAATGT	Mouse.feces	74.43	9g	EG	HC.slurry.C	40AN19	C	ISO388	200	8/25/16	HC	F	6/25/16	9/22/16	8.71	12.71	MR	2	21.1	3.94	2.99	-21.31	30	55	n.a.	n.a.	n.a.	n.a.	n.a.	n.a.	n.a.	n.a.	n.a.	n.a.	n.a.	9/8/16	2/16/17	ZD	67.957	ZD	9.91	0.006	5/4/17	2.19
806rcbc82_AN40	806rcbc82	ATGGCTGTCAGT	Mouse.feces	84.71	9g	EG	T1.slurry.C	40AN20	C	ISO388	250	8/25/16	T1	M	6/25/16	9/22/16	8.71	12.71	MR	2	26.3	6.05	2.17	-11.09	28	54	n.a.	n.a.	n.a.	n.a.	n.a.	n.a.	n.a.	n.a.	n.a.	n.a.	n.a.	9/8/16	2/28/17	ZD	238.267	ZD	10.93	0.007	5/4/17	2.19
806rcbc83_AN40	806rcbc83	GTTCTCTTCTCG	Mouse.feces	79.29	9g	EG	T2.slurry.C	40AN21	C	ISO388	250	8/25/16	T2	M	6/25/16	9/22/16	8.71	12.71	MR	2	24.5	-2	2.07	-3.06	28	53	n.a.	n.a.	n.a.	n.a.	n.a.	n.a.	n.a.	n.a.	n.a.	n.a.	n.a.	9/8/16	2/15/17	ZD	96.439	ZD	4.9	0.003	5/4/17	2.19
806rcbc84_AN40	806rcbc84	CGTAAGATGCCT	Mouse.feces	74.43	9g	EG	HC.slurry.C	40AN22	C	ISO388	200	8/25/16	HC	F	6/20/16	9/22/16	9.43	13.43	MR	2	20.2	3.59	2.16	-13.4	30	53	n.a.	n.a.	n.a.	n.a.	n.a.	n.a.	n.a.	n.a.	n.a.	n.a.	n.a.	9/8/16	2/17/17	ZD	142.611	ZD	8.7	0.005	5/4/17	2.19
806rcbc85_AN40	806rcbc85	GCGTTCTAGCTG	Mouse.feces	84.71	9g	EG	T1.slurry.C	40AN23	C	ISO388	220	8/25/16	T1	F	6/20/16	9/22/16	9.43	13.43	MR	2	20.8	-4.59	2.28	-22.53	30	57	n.a.	n.a.	n.a.	n.a.	n.a.	n.a.	n.a.	n.a.	n.a.	n.a.	n.a.	9/8/16	2/21/17	ZD	199.233	ZD	11.16	0.007	5/4/17	2.19
806rcbc124_AN40	806rcbc124	CCTGCGAAGTAT	Mouse.feces	84.71	9g	EG	T1.slurry.C	40AN17	C	ISO388	210	8/25/16	T1	F	6/25/16	9/22/16	8.71	12.71	MR	3	21.5	1.9	2.66	35.63	29	80	n.a.	n.a.	n.a.	n.a.	n.a.	n.a.	n.a.	n.a.	n.a.	n.a.	n.a.	9/15/16	2/8/17	ST	396.39	ZD	8.1	0.005	5/4/17	2.19
806rcbc125_AN40	806rcbc125	TTCTCTCGACAT	Mouse.feces	79.29	9g	EG	T2.slurry.C	40AN18	C	ISO388	200	8/25/16	T2	F	6/25/16	9/22/16	8.71	12.71	MR	3	20.5	1.49	2.65	17.45	30	85	n.a.	n.a.	n.a.	n.a.	n.a.	n.a.	n.a.	n.a.	n.a.	n.a.	n.a.	9/15/16	2/24/17	ZD	222.904	ZD	12.42	0.007	5/4/17	2.19
806rcbc126_AN40	806rcbc126	GCTCTCCGTAGA	Mouse.feces	74.43	9g	EG	HC.slurry.C	40AN19	C	ISO388	200	8/25/16	HC	F	6/25/16	9/22/16	8.71	12.71	MR	3	22.1	8.87	2.25	-40.7	n.a.	n.a.	n.a.	n.a.	n.a.	n.a.	n.a.	n.a.	n.a.	n.a.	n.a.	n.a.	n.a.	9/15/16	2/15/17	ZD	294.589	ZD	4.11	0.002	5/4/17	2.19
806rcbc127_AN40	806rcbc127	GTTAAGCTGACC	Mouse.feces	84.71	9g	EG	T1.slurry.C	40AN20	C	ISO388	250	8/25/16	T1	M	6/25/16	9/22/16	8.71	12.71	MR	3	26.3	6.05	2.02	-17.21	25	79	n.a.	n.a.	n.a.	n.a.	n.a.	n.a.	n.a.	n.a.	n.a.	n.a.	n.a.	9/15/16	2/23/17	ZD	88.31	ZD	20.32	0.012	5/4/17	2.19
806rcbc128_AN40	806rcbc128	ATGCCATGCCGT	Mouse.feces	79.29	9g	EG	T2.slurry.C	40AN21	C	ISO388	250	8/25/16	T2	M	6/25/16	9/22/16	8.71	12.71	MR	3	25	0	2.86	33.85	22	75	n.a.	n.a.	n.a.	n.a.	n.a.	n.a.	n.a.	n.a.	n.a.	n.a.	n.a.	9/15/16	2/8/17	ZD	200.926	ZD	3.48	0.002	5/4/17	2.19
806rcbc129_AN40	806rcbc129	GACATTGTCACG	Mouse.feces	74.43	9g	EG	HC.slurry.C	40AN22	C	ISO388	200	8/25/16	HC	F	6/20/16	9/22/16	9.43	13.43	MR	3	20.7	6.15	2.26	-9.19	29	82	n.a.	n.a.	n.a.	n.a.	n.a.	n.a.	n.a.	n.a.	n.a.	n.a.	n.a.	9/15/16	2/9/17	ZD	197.266	ZD	13.19	0.008	5/4/17	2.19
806rcbc130_AN40	806rcbc130	GCCAACAACCAT	Mouse.feces	84.71	9g	EG	T1.slurry.C	40AN23	C	ISO388	220	8/25/16	T1	F	6/20/16	9/22/16	9.43	13.43	MR	3	21.6	-0.92	2.12	-28.19	29	86	n.a.	n.a.	n.a.	n.a.	n.a.	n.a.	n.a.	n.a.	n.a.	n.a.	n.a.	9/15/16	2/22/17	ZD	153.669	ZD	8.07	0.005	5/4/17	2.19
806rcbc169_AN40	806rcbc169	TCTGCACTGAGC	Mouse.feces	84.71	9g	EG	T1.slurry.C	40AN17	C	ISO388	210	8/25/16	T1	F	6/25/16	9/22/16	8.71	12.71	MR	4	22.2	5.21	2.25	14.9	24	104	0.4248	0.0191	1.0963	0.0494	0.274	0.0123	0.3435	0.0155	0.0358	0.0016	1	9/21/16	2/9/17	ZD	377.922	ZD	16.98	0.01	5/4/17	2.19
806rcbc170_AN40	806rcbc170	CGCAGATTAGTA	Mouse.feces	79.29	9g	EG	T2.slurry.C	40AN18	C	ISO388	200	8/25/16	T2	F	6/25/16	9/22/16	8.71	12.71	MR	4	21.8	7.92	2.48	10.03	26	111	0.4635	0.0213	1.3449	0.0617	0.1165	0.0053	0.3698	0.017	0.0583	0.0027	2	9/21/16	2/8/17	ST	215.651	ZD	9.64	0.006	5/4/17	2.19
806rcbc171_AN40	806rcbc171	TGGGTCCCACAT	Mouse.feces	74.43	9g	EG	HC.slurry.C	40AN19	C	ISO388	200	8/25/16	HC	F	6/25/16	9/22/16	8.71	12.71	MR	4	22.1	8.87	2.03	-46.62	25	n.a.	0.9919	0.0449	1.4236	0.0644	0.2229	0.0101	0.3819	0.0173	0.09	0.0041	3	9/21/16	2/16/17	ZD	107.555	ZD	11.04	0.007	5/4/17	2.19
806rcbc172_AN40	806rcbc172	CACTGGTGCATA	Mouse.feces	84.71	9g	EG	T1.slurry.C	40AN20	C	ISO388	250	8/25/16	T1	M	6/25/16	9/22/16	8.71	12.71	MR	4	26.2	5.65	2.89	18.4	25	104	0.5435	0.0207	1.1791	0.045	0.3272	0.0125	0.3415	0.013	0.0716	0.0027	4	9/21/16	2/22/17	ZD	273.868	ZD	11.37	0.007	5/4/17	2.19
806rcbc173_AN40	806rcbc173	AACGTAGGCTCT	Mouse.feces	79.29	9g	EG	T2.slurry.C	40AN21	C	ISO388	250	8/25/16	T2	M	6/25/16	9/22/16	8.71	12.71	MR	4	25.6	2.4	2.28	6.49	24	99	0.502	0.0196	1.3437	0.0525	0.4962	0.0194	0.4607	0.018	0.0979	0.0038	5	9/21/16	2/27/17	ZD	104.919	ZD	14.55	0.009	5/4/17	2.19
806rcbc174_AN40	806rcbc174	AGTTGTAGTCCG	Mouse.feces	74.43	9g	EG	HC.slurry.C	40AN22	C	ISO388	200	8/25/16	HC	F	6/20/16	9/22/16	9.43	13.43	MR	4	21.6	10.77	2.74	10.07	25	107	0.7417	0.0343	1.7019	0.0788	0.1192	0.0055	0.2817	0.013	0.0638	0.003	6	9/21/16	2/27/17	ZD	82.374	ZD	5.75	0.003	5/4/17	2.19
806rcbc175_AN40	806rcbc175	TCGTCAAACCCG	Mouse.feces	84.71	9g	EG	T1.slurry.C	40AN23	C	ISO388	220	8/25/16	T1	F	6/20/16	9/22/16	9.43	13.43	MR	4	21.7	-0.46	1.93	-34.61	24	110	0.4042	0.0186	1.3434	0.0619	0.2704	0.0125	0.3651	0.0168	0.086	0.004	7	9/21/16	2/24/17	ZD	213.377	ZD	5.19	0.003	5/4/17	2.19
806rcbc13_AN40	806rcbc13	AGTCGAACGAGG	Fecal.slurry	81	9g	EG	HC.slurry.D	HC.slurry.D	D	n.a.	n.a.	10/10/16	n.a.	n.a.	n.a.	n.a.	n.a.	n.a.	n.a.	n.a.	n.a.	n.a.	n.a.	n.a.	n.a.	n.a.	n.a.	n.a.	n.a.	n.a.	n.a.	n.a.	n.a.	n.a.	n.a.	n.a.	n.a.	n.a.	2/20/17	ZD	86.772	ZD	5.59	0.003	5/4/17	2.19
806rcbc14_AN40	806rcbc14	ACCAGTGACTCA	Fecal.slurry	91.29	9g	EG	T1.slurry.D	T1.slurry.D	D	n.a.	n.a.	10/10/16	n.a.	n.a.	n.a.	n.a.	n.a.	n.a.	n.a.	n.a.	n.a.	n.a.	n.a.	n.a.	n.a.	n.a.	n.a.	n.a.	n.a.	n.a.	n.a.	n.a.	n.a.	n.a.	n.a.	n.a.	n.a.	n.a.	2/15/17	ZD	20.659	ZD	4.67	0.003	5/4/17	2.19
806rcbc15_AN40	806rcbc15	GAATACCAAGTC	Fecal.slurry	85.86	9g	EG	T2.slurry.D	T2.slurry.D	D	n.a.	n.a.	10/10/16	n.a.	n.a.	n.a.	n.a.	n.a.	n.a.	n.a.	n.a.	n.a.	n.a.	n.a.	n.a.	n.a.	n.a.	n.a.	n.a.	n.a.	n.a.	n.a.	n.a.	n.a.	n.a.	n.a.	n.a.	n.a.	n.a.	3/1/17	ZD	134.953	ZD	15.39	0.009	5/4/17	2.19
806rcbc41_AN40	806rcbc41	GAGCCATCTGTA	Mouse.feces	81	9g	EG	HC.slurry.D	40AN24	D	ISO290	190	10/10/16	HC	F	8/15/16	11/8/16	8	12.14	AV	1	18.4	-1.6	1.83	-13.15	24	24	n.a.	n.a.	n.a.	n.a.	n.a.	n.a.	n.a.	n.a.	n.a.	n.a.	n.a.	10/17/16	2/21/17	ZD	440.622	ZD	6.05	0.004	5/4/17	2.19
806rcbc42_AN40	806rcbc42	TTGGGTACACGT	Mouse.feces	91.29	9g	EG	T1.slurry.D	40AN25	D	ISO290	180	10/10/16	T1	F	8/15/16	11/8/16	8	12.14	AV	1	17.8	0.56	1.99	-10.17	20	20	n.a.	n.a.	n.a.	n.a.	n.a.	n.a.	n.a.	n.a.	n.a.	n.a.	n.a.	10/17/16	2/27/17	ZD	218.592	ZD	8.87	0.005	5/4/17	2.19
806rcbc43_AN40	806rcbc43	AAGGCGCTCCTT	Mouse.feces	85.86	9g	EG	T2.slurry.D	40AN26	D	ISO290	180	10/10/16	T2	F	8/15/16	11/8/16	8	12.14	AV	1	17.6	-1.68	2.31	14.23	22	22	n.a.	n.a.	n.a.	n.a.	n.a.	n.a.	n.a.	n.a.	n.a.	n.a.	n.a.	10/17/16	2/8/17	ZD	253.639	ZD	12.53	0.007	5/4/17	2.19
806rcbc44_AN40	806rcbc44	TAATACGGATCG	Mouse.feces	81	9g	EG	HC.slurry.D	40AN27	D	ISO290	180	10/10/16	HC	F	8/15/16	11/8/16	8	12.14	AV	1	17.9	-1.1	2.44	-1.92	25	25	n.a.	n.a.	n.a.	n.a.	n.a.	n.a.	n.a.	n.a.	n.a.	n.a.	n.a.	10/17/16	2/28/17	ZD	158.614	ZD	4.79	0.003	5/4/17	2.19
806rcbc45_AN40	806rcbc45	TCGGAATTAGAC	Mouse.feces	91.29	9g	EG	T1.slurry.D	40AN28	D	ISO290	180	10/10/16	T1	F	8/15/16	11/8/16	8	12.14	AV	1	17.8	-2.2	3.43	-16.93	24	24	n.a.	n.a.	n.a.	n.a.	n.a.	n.a.	n.a.	n.a.	n.a.	n.a.	n.a.	10/17/16	2/17/17	ZD	293.959	ZD	14.61	0.009	5/4/17	2.19
806rcbc46_AN40	806rcbc46	TGTGAATTCGGA	Mouse.feces	85.86	9g	EG	T2.slurry.D	40AN29	D	ISO290	170	10/10/16	T2	F	8/15/16	11/8/16	8	12.14	AV	1	17	1.19	2.85	4.52	26	26	n.a.	n.a.	n.a.	n.a.	n.a.	n.a.	n.a.	n.a.	n.a.	n.a.	n.a.	10/17/16	2/27/17	ZD	78.464	ZD	4.44	0.003	5/4/17	2.19
806rcbc86_AN40	806rcbc86	GTTGTTCTGGGA	Mouse.feces	81	9g	EG	HC.slurry.D	40AN24	D	ISO290	190	10/10/16	HC	F	8/15/16	11/8/16	8	12.14	AV	2	19.3	3.21	1.98	-5.8	30	54	n.a.	n.a.	n.a.	n.a.	n.a.	n.a.	n.a.	n.a.	n.a.	n.a.	n.a.	10/24/16	2/10/17	ZD	75.229	ZD	5.02	0.003	5/4/17	2.19
806rcbc87_AN40	806rcbc87	GGACTTCCAGCT	Mouse.feces	91.29	9g	EG	T1.slurry.D	40AN25	D	ISO290	180	10/10/16	T1	F	8/15/16	11/8/16	8	12.14	AV	2	17.8	0.56	2.32	4.59	28	48	n.a.	n.a.	n.a.	n.a.	n.a.	n.a.	n.a.	n.a.	n.a.	n.a.	n.a.	10/24/16	2/22/17	ZD	276.911	ZD	14.76	0.009	5/4/17	2.19
806rcbc88_AN40	806rcbc88	CTCACAACCGTG	Mouse.feces	85.86	9g	EG	T2.slurry.D	40AN26	D	ISO290	180	10/10/16	T2	F	8/15/16	11/8/16	8	12.14	AV	2	18.6	3.91	2.25	11.27	28	50	n.a.	n.a.	n.a.	n.a.	n.a.	n.a.	n.a.	n.a.	n.a.	n.a.	n.a.	10/24/16	2/20/17	ZD	171.807	ZD	4.77	0.003	5/4/17	2.19
806rcbc89_AN40	806rcbc89	CTGCTATTCCTC	Mouse.feces	81	9g	EG	HC.slurry.D	40AN27	D	ISO290	180	10/10/16	HC	F	8/15/16	11/8/16	8	12.14	AV	2	18.3	1.1	2.71	8.89	32	57	n.a.	n.a.	n.a.	n.a.	n.a.	n.a.	n.a.	n.a.	n.a.	n.a.	n.a.	10/24/16	2/15/17	ZD	105.311	ZD	7.92	0.005	5/4/17	2.19
806rcbc90_AN40	806rcbc90	ATGTCACCGCTG	Mouse.feces	91.29	9g	EG	T1.slurry.D	40AN28	D	ISO290	180	10/10/16	T1	F	8/15/16	11/8/16	8	12.14	AV	2	18.6	2.2	3.31	-19.89	29	53	n.a.	n.a.	n.a.	n.a.	n.a.	n.a.	n.a.	n.a.	n.a.	n.a.	n.a.	10/24/16	2/24/17	ZD	133.804	ZD	6.55	0.004	5/4/17	2.19
806rcbc91_AN40	806rcbc91	TGTAACGCCGAT	Mouse.feces	85.86	9g	EG	T2.slurry.D	40AN29	D	ISO290	170	10/10/16	T2	F	8/15/16	11/8/16	8	12.14	AV	2	17.1	1.79	2.72	-0.58	26	52	n.a.	n.a.	n.a.	n.a.	n.a.	n.a.	n.a.	n.a.	n.a.	n.a.	n.a.	10/24/16	2/28/17	ZD	75.817	ZD	14.32	0.009	5/4/17	2.19
806rcbc131_AN40	806rcbc131	ATCAGTACTAGG	Mouse.feces	81	9g	EG	HC.slurry.D	40AN24	D	ISO290	190	10/10/16	HC	F	8/15/16	11/8/16	8	12.14	AV	3	20.7	10.7	2.99	42.12	24	78	n.a.	n.a.	n.a.	n.a.	n.a.	n.a.	n.a.	n.a.	n.a.	n.a.	n.a.	10/31/16	2/15/17	ZD	303.287	ZD	9.33	0.006	5/4/17	2.19
806rcbc132_AN40	806rcbc132	TCCTCGAGCGAT	Mouse.feces	91.29	9g	EG	T1.slurry.D	40AN25	D	ISO290	180	10/10/16	T1	F	8/15/16	11/8/16	8	12.14	AV	3	18.6	5.08	1.73	-21.97	24	72	n.a.	n.a.	n.a.	n.a.	n.a.	n.a.	n.a.	n.a.	n.a.	n.a.	n.a.	10/31/16	2/17/17	ZD	118.326	ZD	9.45	0.006	5/4/17	2.19
806rcbc133_AN40	806rcbc133	ACCCAAGCGTTA	Mouse.feces	85.86	9g	EG	T2.slurry.D	40AN26	D	ISO290	180	10/10/16	T2	F	8/15/16	11/8/16	8	12.14	AV	3	19.1	6.7	2.7	33.46	n.a.	n.a.	n.a.	n.a.	n.a.	n.a.	n.a.	n.a.	n.a.	n.a.	n.a.	n.a.	n.a.	10/31/16	2/22/17	ST	162.591	ZD	6.81	0.004	5/4/17	2.19
806rcbc134_AN40	806rcbc134	TGCAGCAAGATT	Mouse.feces	81	9g	EG	HC.slurry.D	40AN27	D	ISO290	180	10/10/16	HC	F	8/15/16	11/8/16	8	12.14	AV	3	19.6	8.29	2.76	10.96	26	83	n.a.	n.a.	n.a.	n.a.	n.a.	n.a.	n.a.	n.a.	n.a.	n.a.	n.a.	10/31/16	2/16/17	ZD	401.505	ZD	3	0.002	5/4/17	2.19
806rcbc135_AN40	806rcbc135	AGCAACATTGCA	Mouse.feces	91.29	9g	EG	T1.slurry.D	40AN28	D	ISO290	180	10/10/16	T1	F	8/15/16	11/8/16	8	12.14	AV	3	19.3	6.04	2.15	-47.94	24	77	n.a.	n.a.	n.a.	n.a.	n.a.	n.a.	n.a.	n.a.	n.a.	n.a.	n.a.	10/31/16	2/17/17	ZD	237.629	ZD	7.72	0.005	5/4/17	2.19
806rcbc136_AN40	806rcbc136	GATGTGGTGTTA	Mouse.feces	85.86	9g	EG	T2.slurry.D	40AN29	D	ISO290	170	10/10/16	T2	F	8/15/16	11/8/16	8	12.14	AV	3	17	1.19	2.1	-22.96	18	70	n.a.	n.a.	n.a.	n.a.	n.a.	n.a.	n.a.	n.a.	n.a.	n.a.	n.a.	10/31/16	2/28/17	ZD	59.432	ZD	7.28	0.004	5/4/17	2.19
806rcbc176_AN40	806rcbc176	TAATCGGTGCCA	Mouse.feces	81	9g	EG	HC.slurry.D	40AN24	D	ISO290	190	10/10/16	HC	F	8/15/16	11/8/16	8	12.14	AV	4	20.4	9.09	2.25	6.63	28	106	0.4542	0.0223	1.3487	0.0661	0.218	0.0107	0.1017	0.005	0.0954	0.0047	1	11/7/16	2/10/17	ZD	339.324	ZD	7.32	0.004	5/4/17	2.19
806rcbc177_AN40	806rcbc177	TTGATCCGGTAG	Mouse.feces	91.29	9g	EG	T1.slurry.D	40AN25	D	ISO290	180	10/10/16	T1	F	8/15/16	11/8/16	8	12.14	AV	4	19.2	8.47	2.58	16.38	29	101	0.4691	0.0244	1.1798	0.0614	0.1441	0.0075	0.0644	0.0034	0.0234	0.0012	2	11/7/16	2/10/17	ZD	105.326	ZD	8.7	0.005	5/4/17	2.19
806rcbc178_AN40	806rcbc178	CGGGTGTTTGCT	Mouse.feces	85.86	9g	EG	T2.slurry.D	40AN26	D	ISO290	180	10/10/16	T2	F	8/15/16	11/8/16	8	12.14	AV	4	19.7	10.06	2.65	31.04	27	n.a.	0.3755	0.0191	1.512	0.0768	0.1649	0.0084	0.0313	0.0016	n.a.	n.a.	3	11/7/16	2/16/17	ZD	193.918	ZD	6.53	0.004	5/4/17	2.19
806rcbc179_AN40	806rcbc179	TTGACCGCGGTT	Mouse.feces	81	9g	EG	HC.slurry.D	40AN27	D	ISO290	180	10/10/16	HC	F	8/15/16	11/8/16	8	12.14	AV	4	20	10.5	2.77	11.22	29	112	0.4121	0.0206	1.2823	0.0641	0.1692	0.0085	0.0702	0.0035	0.0737	0.0037	4	11/7/16	2/20/17	ZD	262.945	ZD	4.4	0.003	5/4/17	2.19
806rcbc180_AN40	806rcbc180	GTGCAACCAATC	Mouse.feces	91.29	9g	EG	T1.slurry.D	40AN28	D	ISO290	180	10/10/16	T1	F	8/15/16	11/8/16	8	12.14	AV	4	19.8	8.79	2.49	-39.82	29	106	0.3613	0.0182	1.2562	0.0634	0.1648	0.0083	0.0753	0.0038	0.0558	0.0028	5	11/7/16	2/22/17	ST	340.148	ZD	4.94	0.003	5/4/17	2.19
806rcbc181_AN40	806rcbc181	GCTTGAGCTTGA	Mouse.feces	85.86	9g	EG	T2.slurry.D	40AN29	D	ISO290	170	10/10/16	T2	F	8/15/16	11/8/16	8	12.14	AV	4	18.5	10.12	3.14	15.12	27	97	0.4031	0.0218	1.023	0.0553	0.186	0.0101	0.0471	0.0025	0.071	0.0038	6	11/7/16	2/10/17	ZD	106.526	ZD	12.72	0.008	5/4/17	2.19
806rcbc16_AN40	806rcbc16	GTAGATCGTGTA	Fecal.slurry	91.71	9g	EG	T1.slurry.E	T1.slurry.E	E	n.a.	n.a.	10/13/16	n.a.	n.a.	n.a.	n.a.	n.a.	n.a.	n.a.	n.a.	n.a.	n.a.	n.a.	n.a.	n.a.	n.a.	n.a.	n.a.	n.a.	n.a.	n.a.	n.a.	n.a.	n.a.	n.a.	n.a.	n.a.	n.a.	2/17/17	ZD	19.244	ZD	4.87	0.003	5/4/17	2.19
806rcbc17_AN40	806rcbc17	TAACGTGTGTGC	Fecal.slurry	86.29	9g	EG	T2.slurry.E	T2.slurry.E	E	n.a.	n.a.	10/13/16	n.a.	n.a.	n.a.	n.a.	n.a.	n.a.	n.a.	n.a.	n.a.	n.a.	n.a.	n.a.	n.a.	n.a.	n.a.	n.a.	n.a.	n.a.	n.a.	n.a.	n.a.	n.a.	n.a.	n.a.	n.a.	n.a.	2/10/17	ZD	30.42	ZD	4.54	0.003	5/4/17	2.19
806rcbc47_AN40	806rcbc47	CATTCGTGGCGT	Mouse.feces	86.29	9g	EG	T2.slurry.E	40AN31	E	ISO388	180	10/13/16	T2	F	8/14/16	11/11/16	8.57	12.71	AV	1	17.6	-3.83	2.78	32.39	24	24	n.a.	n.a.	n.a.	n.a.	n.a.	n.a.	n.a.	n.a.	n.a.	n.a.	n.a.	10/20/17	2/23/17	ZD	306.417	ZD	12.86	0.008	5/4/17	2.19
806rcbc92_AN40	806rcbc92	AGCAGAACATCT	Mouse.feces	86.29	9g	EG	T2.slurry.E	40AN31	E	ISO388	180	10/13/16	T2	F	8/14/16	11/11/16	8.57	12.71	AV	2	18.2	-0.55	2.37	13	32	56	n.a.	n.a.	n.a.	n.a.	n.a.	n.a.	n.a.	n.a.	n.a.	n.a.	n.a.	10/27/16	2/28/17	ZD	102.146	ZD	11.89	0.007	5/4/17	2.19
806rcbc137_AN40	806rcbc137	CAGAAATGTGTC	Mouse.feces	86.29	9g	EG	T2.slurry.E	40AN31	E	ISO388	180	10/13/16	T2	F	8/14/16	11/11/16	8.57	12.71	AV	3	19	3.83	3.21	53.07	25	81	n.a.	n.a.	n.a.	n.a.	n.a.	n.a.	n.a.	n.a.	n.a.	n.a.	n.a.	11/3/16	2/16/17	ZD	288.761	ZD	5.02	0.003	5/4/17	2.19
806rcbc182_AN40	806rcbc182	CGCTGTGGATTA	Mouse.feces	86.29	9g	EG	T2.slurry.E	40AN31	E	ISO388	180	10/13/16	T2	F	8/14/16	11/11/16	8.57	12.71	AV	4	19.8	8.2	2.21	5.52	29	110	0.3176	0.016	1.2945	0.0654	0.1293	0.0065	0.0666	0.0034	0.0586	0.003	1	11/10/16	2/9/17	ZD	120.684	ZD	4.01	0.002	5/4/17	2.19
806rcbc48_AN40	806rcbc48	TACTACGTGGCC	Mouse.feces	92.71	9g	EBS	n.a.	40AN32	F	ISO388	230	10/20/16	T1	M	8/26/16	11/18/16	7.86	12	MR	1	23.3	3.1	2.67	2.64	35	35	n.a.	n.a.	n.a.	n.a.	n.a.	n.a.	n.a.	n.a.	n.a.	n.a.	n.a.	10/27/16	2/17/17	ZD	236.637	ZD	9.2	0.006	5/4/17	2.19
806rcbc49_AN40	806rcbc49	GGCCAGTTCCTA	Mouse.feces	87.29	9g	EBS	n.a.	40AN33	F	ISO388	180	10/20/16	T2	F	8/26/16	11/18/16	7.86	12	MR	1	17.8	1.14	2.25	-24.31	27	27	n.a.	n.a.	n.a.	n.a.	n.a.	n.a.	n.a.	n.a.	n.a.	n.a.	n.a.	10/27/16	2/28/17	ZD	302.473	ZD	14.23	0.009	5/4/17	2.19
806rcbc50_AN40	806rcbc50	GATGTTCGCTAG	Mouse.feces	82.43	9g	EBS	n.a.	40AN34	F	ISO388	230	10/20/16	HC	M	8/26/16	11/18/16	7.86	12	MR	1	22.2	-4.72	2.1	8.83	30	30	n.a.	n.a.	n.a.	n.a.	n.a.	n.a.	n.a.	n.a.	n.a.	n.a.	n.a.	10/27/16	2/27/17	ZD	181.949	ZD	17.88	0.011	5/4/17	2.19
806rcbc51_AN40	806rcbc51	CTATCTCCTGTC	Mouse.feces	92.71	9g	EBS	n.a.	40AN35	F	ISO388	180	10/20/16	T1	F	8/26/16	11/18/16	7.86	12	MR	1	17.4	-0.57	2.12	-6.48	28	28	n.a.	n.a.	n.a.	n.a.	n.a.	n.a.	n.a.	n.a.	n.a.	n.a.	n.a.	10/27/16	2/8/17	ZD	417.155	ZD	7.56	0.005	5/4/17	2.19
806rcbc52_AN40	806rcbc52	ACTCACAGGAAT	Mouse.feces	87.29	9g	EBS	n.a.	40AN36	F	ISO388	230	10/20/16	T2	M	8/26/16	11/18/16	7.86	12	MR	1	23.7	2.6	2.16	6.73	31	31	n.a.	n.a.	n.a.	n.a.	n.a.	n.a.	n.a.	n.a.	n.a.	n.a.	n.a.	10/27/16	2/17/17	ZD	287.29	ZD	11.14	0.007	5/4/17	2.19
806rcbc53_AN40	806rcbc53	ATGATGAGCCTC	Mouse.feces	82.43	9g	EBS	n.a.	40AN37	F	ISO388	190	10/20/16	HC	F	8/26/16	11/18/16	7.86	12	MR	1	18.6	-2.62	2.43	1.03	29	29	n.a.	n.a.	n.a.	n.a.	n.a.	n.a.	n.a.	n.a.	n.a.	n.a.	n.a.	10/27/16	2/23/17	ZD	246.358	ZD	7.39	0.004	5/4/17	2.19
806rcbc54_AN40	806rcbc54	GTCGACAGAGGA	Mouse.feces	92.71	9g	EBS	n.a.	40AN38	F	ISO388	220	10/20/16	T1	M	8/26/16	11/18/16	7.86	12	MR	1	21.6	-2.26	3.44	-17.11	29	29	n.a.	n.a.	n.a.	n.a.	n.a.	n.a.	n.a.	n.a.	n.a.	n.a.	n.a.	10/27/16	2/8/17	ST	91.544	ZD	10.08	0.006	5/4/17	2.19
806rcbc55_AN40	806rcbc55	TGTCGCAAATAG	Mouse.feces	87.29	9g	EBS	n.a.	40AN39	F	ISO388	220	10/20/16	T2	M	8/26/16	11/18/16	7.86	12	MR	1	23.2	4.98	3.11	4.59	34	34	n.a.	n.a.	n.a.	n.a.	n.a.	n.a.	n.a.	n.a.	n.a.	n.a.	n.a.	10/27/16	2/22/17	ZD	192.777	ZD	5.82	0.003	5/4/17	2.19
806rcbc93_AN40	806rcbc93	TGGAGTAGGTGG	Mouse.feces	92.71	9g	EBS	n.a.	40AN32	F	ISO388	230	10/20/16	T1	M	8/26/16	11/18/16	7.86	12	MR	2	24	6.19	2.35	-9.47	27	62	n.a.	n.a.	n.a.	n.a.	n.a.	n.a.	n.a.	n.a.	n.a.	n.a.	n.a.	11/3/16	2/22/17	ST	680.306	ZD	13.58	0.008	5/4/17	2.19
806rcbc94_AN40	806rcbc94	TTGGCTCTATTC	Mouse.feces	87.29	9g	EBS	n.a.	40AN33	F	ISO388	180	10/20/16	T2	F	8/26/16	11/18/16	7.86	12	MR	2	19	7.95	2.39	-19.57	22	49	n.a.	n.a.	n.a.	n.a.	n.a.	n.a.	n.a.	n.a.	n.a.	n.a.	n.a.	11/3/16	2/21/17	ZD	538.299	ZD	6.86	0.004	5/4/17	2.19
806rcbc95_AN40	806rcbc95	GATCCCACGTAC	Mouse.feces	82.43	9g	EBS	n.a.	40AN34	F	ISO388	230	10/20/16	HC	M	8/26/16	11/18/16	7.86	12	MR	2	23.1	-0.86	1.97	1.98	25	55	n.a.	n.a.	n.a.	n.a.	n.a.	n.a.	n.a.	n.a.	n.a.	n.a.	n.a.	11/3/16	2/21/17	ZD	672.926	ZD	8.83	0.005	5/4/17	2.19
806rcbc96_AN40	806rcbc96	TACCGCTTCTTC	Mouse.feces	92.71	9g	EBS	n.a.	40AN35	F	ISO388	180	10/20/16	T1	F	8/26/16	11/18/16	7.86	12	MR	2	17.7	1.14	2.42	6.46	22	50	n.a.	n.a.	n.a.	n.a.	n.a.	n.a.	n.a.	n.a.	n.a.	n.a.	n.a.	11/3/16	2/20/17	ZD	294.474	ZD	4.78	0.003	5/4/17	2.19
806rcbc97_AN40	806rcbc97	TGTGCGATAACA	Mouse.feces	87.29	9g	EBS	n.a.	40AN36	F	ISO388	230	10/20/16	T2	M	8/26/16	11/18/16	7.86	12	MR	2	23.9	3.46	2.4	18.97	25	56	n.a.	n.a.	n.a.	n.a.	n.a.	n.a.	n.a.	n.a.	n.a.	n.a.	n.a.	11/3/16	2/22/17	ZD	113.158	ZD	5.39	0.003	5/4/17	2.19
806rcbc98_AN40	806rcbc98	GATTATCGACGA	Mouse.feces	82.43	9g	EBS	n.a.	40AN37	F	ISO388	190	10/20/16	HC	F	8/26/16	11/18/16	7.86	12	MR	2	19.1	0	3	24.8	23	52	n.a.	n.a.	n.a.	n.a.	n.a.	n.a.	n.a.	n.a.	n.a.	n.a.	n.a.	11/3/16	2/28/17	ZD	223.309	ZD	6.34	0.004	5/4/17	2.19
806rcbc99_AN40	806rcbc99	GCCTAGCCCAAT	Mouse.feces	92.71	9g	EBS	n.a.	40AN38	F	ISO388	220	10/20/16	T1	M	8/26/16	11/18/16	7.86	12	MR	2	22.4	1.36	3.31	-20.25	27	56	n.a.	n.a.	n.a.	n.a.	n.a.	n.a.	n.a.	n.a.	n.a.	n.a.	n.a.	11/3/16	2/20/17	ZD	204.467	ZD	4.69	0.003	5/4/17	2.19
806rcbc00_AN40	806rcbc00	TCCCTTGTCTCC	Mouse.feces	87.29	9g	EBS	n.a.	40AN39	F	ISO388	220	10/20/16	T2	M	8/26/16	11/18/16	7.86	12	MR	2	24.3	9.95	2.97	-0.27	26	60	n.a.	n.a.	n.a.	n.a.	n.a.	n.a.	n.a.	n.a.	n.a.	n.a.	n.a.	11/3/16	2/20/17	ZD	115.501	ZD	5.81	0.003	5/4/17	2.19
806rcbc138_AN40	806rcbc138	GTAGAGGTAGAG	Mouse.feces	92.71	9g	EBS	n.a.	40AN32	F	ISO388	230	10/20/16	T1	M	8/26/16	11/18/16	7.86	12	MR	3	24.8	9.73	2.29	-11.76	33	95	n.a.	n.a.	n.a.	n.a.	n.a.	n.a.	n.a.	n.a.	n.a.	n.a.	n.a.	11/10/16	2/23/17	ZD	373.318	ZD	11.03	0.007	5/4/17	2.19
806rcbc139_AN40	806rcbc139	CGTGATCCGCTA	Mouse.feces	87.29	9g	EBS	n.a.	40AN33	F	ISO388	180	10/20/16	T2	F	8/26/16	11/18/16	7.86	12	MR	3	19.6	11.36	2.7	-9.15	30	79	n.a.	n.a.	n.a.	n.a.	n.a.	n.a.	n.a.	n.a.	n.a.	n.a.	n.a.	11/10/16	2/17/17	ZD	174.862	ZD	10.43	0.006	5/4/17	2.19
806rcbc140_AN40	806rcbc140	GGTTATTTGGCG	Mouse.feces	82.43	9g	EBS	n.a.	40AN34	F	ISO388	230	10/20/16	HC	M	8/26/16	11/18/16	7.86	12	MR	3	22.8	-2.15	2.47	28.05	32	87	n.a.	n.a.	n.a.	n.a.	n.a.	n.a.	n.a.	n.a.	n.a.	n.a.	n.a.	11/10/16	2/27/17	ZD	76.596	ZD	8.9	0.005	5/4/17	2.19
806rcbc141_AN40	806rcbc141	GGATCGTAATAC	Mouse.feces	92.71	9g	EBS	n.a.	40AN35	F	ISO388	180	10/20/16	T1	F	8/26/16	11/18/16	7.86	12	MR	3	18.4	5.14	1.78	-21.35	31	81	n.a.	n.a.	n.a.	n.a.	n.a.	n.a.	n.a.	n.a.	n.a.	n.a.	n.a.	11/10/16	2/27/17	ZD	181.142	ZD	8.05	0.005	5/4/17	2.19
806rcbc142_AN40	806rcbc142	GCATAGCATCAA	Mouse.feces	87.29	9g	EBS	n.a.	40AN36	F	ISO388	230	10/20/16	T2	M	8/26/16	11/18/16	7.86	12	MR	3	24	3.9	2.42	19.57	30	86	n.a.	n.a.	n.a.	n.a.	n.a.	n.a.	n.a.	n.a.	n.a.	n.a.	n.a.	11/10/16	2/17/17	ZD	161.271	ZD	12.12	0.007	5/4/17	2.19
806rcbc143_AN40	806rcbc143	GTGTTAGATGTG	Mouse.feces	82.43	9g	EBS	n.a.	40AN37	F	ISO388	190	10/20/16	HC	F	8/26/16	11/18/16	7.86	12	MR	3	20.3	6.28	3.24	34.82	33	85	n.a.	n.a.	n.a.	n.a.	n.a.	n.a.	n.a.	n.a.	n.a.	n.a.	n.a.	11/10/16	2/24/17	ZD	81.299	ZD	9.16	0.005	5/4/17	2.19
806rcbc144_AN40	806rcbc144	TTAGAGCCATGC	Mouse.feces	92.71	9g	EBS	n.a.	40AN38	F	ISO388	220	10/20/16	T1	M	8/26/16	11/18/16	7.86	12	MR	3	23.3	5.43	2.38	-42.75	31	87	n.a.	n.a.	n.a.	n.a.	n.a.	n.a.	n.a.	n.a.	n.a.	n.a.	n.a.	11/10/16	2/9/17	ZD	229.608	ZD	5.68	0.003	5/4/17	2.19
806rcbc145_AN40	806rcbc145	TGAACCCTATGG	Mouse.feces	87.29	9g	EBS	n.a.	40AN39	F	ISO388	220	10/20/16	T2	M	8/26/16	11/18/16	7.86	12	MR	3	24	8.6	2.48	-16.65	32	92	n.a.	n.a.	n.a.	n.a.	n.a.	n.a.	n.a.	n.a.	n.a.	n.a.	n.a.	11/10/16	2/8/17	ZD	203.99	ZD	6.29	0.004	5/4/17	2.19
806rcbc183_AN40	806rcbc183	CTGTCAGTGACC	Mouse.feces	92.71	9g	EBS	n.a.	40AN32	F	ISO388	230	10/20/16	T1	M	8/26/16	11/18/16	7.86	12	MR	4	25	10.62	2.73	5.01	30	125	0.5244	0.021	1.6022	0.0641	0.2965	0.0119	0.0887	0.0035	0.1045	0.0042	1	11/17/16	2/9/17	ZD	386.095	ZD	4.18	0.003	5/4/17	2.19
806rcbc184_AN40	806rcbc184	ACGATTCGAGTC	Mouse.feces	87.29	9g	EBS	n.a.	40AN33	F	ISO388	180	10/20/16	T2	F	8/26/16	11/18/16	7.86	12	MR	4	19.1	8.52	1.87	-36.81	27	106	0.4067	0.0213	1.2787	0.0669	0.1714	0.009	0.0677	0.0035	0.112	0.0059	2	11/17/16	2/15/17	ZD	112.82	ZD	8.51	0.005	5/4/17	2.19
806rcbc185_AN40	806rcbc185	GGTTCGGTCCAT	Mouse.feces	82.43	9g	EBS	n.a.	40AN34	F	ISO388	230	10/20/16	HC	M	8/26/16	11/18/16	7.86	12	MR	4	23.9	2.58	2.01	3.89	30	117	0.9324	0.039	1.5456	0.0647	0.2393	0.01	0.0502	0.0021	0.0832	0.0035	3	11/17/16	2/23/17	ZD	286.571	ZD	8	0.005	5/4/17	2.19
806rcbc186_AN40	806rcbc186	CTGATCCATCTT	Mouse.feces	92.71	9g	EBS	n.a.	40AN35	F	ISO388	180	10/20/16	T1	F	8/26/16	11/18/16	7.86	12	MR	4	19.6	12	2.4	5.6	29	110	0.3819	0.0195	1.3199	0.0673	0.1643	0.0084	0.0166	0.0008	0.0693	0.0035	4	11/17/16	2/27/17	ZD	202.797	ZD	10.85	0.006	5/4/17	2.19
806rcbc187_AN40	806rcbc187	TATGTGCCGGCT	Mouse.feces	87.29	9g	EBS	n.a.	40AN36	F	ISO388	230	10/20/16	T2	M	8/26/16	11/18/16	7.86	12	MR	4	25	8.23	2.56	26.71	27	113	0.2952	0.0118	1.1769	0.0471	0.3835	0.0153	0.0722	0.0029	0.0823	0.0033	5	11/17/16	2/24/17	ZD	106.377	ZD	8.98	0.005	5/4/17	2.19
806rcbc188_AN40	806rcbc188	TGGTCGCATCGT	Mouse.feces	82.43	9g	EBS	n.a.	40AN37	F	ISO388	190	10/20/16	HC	F	8/26/16	11/18/16	7.86	12	MR	4	20.5	7.33	3.12	29.61	28	113	0.5978	0.0292	1.4655	0.0715	0.108	0.0053	0.0131	0.0006	0.0695	0.0034	6	11/17/16	2/23/17	ZD	241.38	ZD	16.06	0.01	5/4/17	2.19
806rcbc189_AN40	806rcbc189	TGTAAGACTTGG	Mouse.feces	92.71	9g	EBS	n.a.	40AN38	F	ISO388	220	10/20/16	T1	M	8/26/16	11/18/16	7.86	12	MR	4	23.9	8.14	2.58	-37.78	30	117	0.6334	0.0265	1.3297	0.0556	0.261	0.0109	0.0526	0.0022	0.0636	0.0027	7	11/17/16	2/28/17	ZD	262.844	ZD	14.56	0.009	5/4/17	2.19
806rcbc190_AN40	806rcbc190	CGGATCTAGTGT	Mouse.feces	87.29	9g	EBS	n.a.	40AN39	F	ISO388	220	10/20/16	T2	M	8/26/16	11/18/16	7.86	12	MR	4	24.3	9.95	3.27	9.8	29	121	0.4541	0.0187	1.2391	0.051	0.3153	0.013	0.0891	0.0037	0.0897	0.0037	8	11/17/16	2/15/17	ZD	173.597	ZD	9.81	0.006	5/4/17	2.19
806rcbc56_AN40	806rcbc56	CATCCCTCTACT	Mouse.feces	83.14	9g	EG	n.a.	40AN40	G	ISO392	250	10/25/16	HC	M	8/28/16	11/23/16	8.29	12.43	MR	1	24.1	-1.63	3.36	43.53	23	23	n.a.	n.a.	n.a.	n.a.	n.a.	n.a.	n.a.	n.a.	n.a.	n.a.	n.a.	11/1/16	2/24/17	ZD	149.587	ZD	8.67	0.005	5/4/17	2.19
806rcbc57_AN40	806rcbc57	TATACCGCTGCG	Mouse.feces	88	9g	EG	n.a.	40AN41	G	ISO392	250	10/25/16	T2	M	8/28/16	11/23/16	8.29	12.43	MR	1	23.8	-4.03	2.84	4.7	24	24	n.a.	n.a.	n.a.	n.a.	n.a.	n.a.	n.a.	n.a.	n.a.	n.a.	n.a.	11/1/16	2/8/17	ZD	305.733	ZD	5.4	0.003	5/4/17	2.19
806rcbc58_AN40	806rcbc58	AGTTGAGGCATT	Mouse.feces	93.43	9g	EG	n.a.	40AN42	G	ISO392	240	10/25/16	T1	M	8/28/16	11/23/16	8.29	12.43	MR	1	23.4	-4.1	2.13	-35.96	23	23	n.a.	n.a.	n.a.	n.a.	n.a.	n.a.	n.a.	n.a.	n.a.	n.a.	n.a.	11/1/16	2/24/17	ZD	90.778	ZD	6.92	0.004	5/4/17	2.19
806rcbc59_AN40	806rcbc59	ACAATAGACACC	Mouse.feces	83.14	9g	EG	n.a.	40AN43	G	ISO392	240	10/25/16	HC	M	8/28/16	11/23/16	8.29	12.43	MR	1	23.9	-0.83	2.05	0.45	23	23	n.a.	n.a.	n.a.	n.a.	n.a.	n.a.	n.a.	n.a.	n.a.	n.a.	n.a.	11/1/16	2/22/17	YTO	81.011	ZD	5.63	0.003	5/4/17	2.19
806rcbc101_AN40	806rcbc101	ACTCCTTGTGTT	Mouse.feces	83.14	9g	EG	n.a.	40AN40	G	ISO392	250	10/25/16	HC	M	8/28/16	11/23/16	8.29	12.43	MR	2	24.9	1.63	2.24	-4.24	28	51	n.a.	n.a.	n.a.	n.a.	n.a.	n.a.	n.a.	n.a.	n.a.	n.a.	n.a.	11/8/16	2/23/17	ZD	131.965	ZD	7.16	0.004	5/4/17	2.19
806rcbc102_AN40	806rcbc102	GTCACGGACATT	Mouse.feces	88	9g	EG	n.a.	40AN41	G	ISO392	250	10/25/16	T2	M	8/28/16	11/23/16	8.29	12.43	MR	2	24.1	-2.82	2.4	-11.58	31	55	n.a.	n.a.	n.a.	n.a.	n.a.	n.a.	n.a.	n.a.	n.a.	n.a.	n.a.	11/8/16	2/10/17	ZD	681.402	ZD	4.97	0.003	5/4/17	2.19
806rcbc103_AN40	806rcbc103	GCGAGCGAAGTA	Mouse.feces	93.43	9g	EG	n.a.	40AN42	G	ISO392	240	10/25/16	T1	M	8/28/16	11/23/16	8.29	12.43	MR	2	24.1	-1.23	2.39	-28.04	30	53	n.a.	n.a.	n.a.	n.a.	n.a.	n.a.	n.a.	n.a.	n.a.	n.a.	n.a.	11/8/16	2/22/17	ST	262.821	ZD	10.14	0.006	5/4/17	2.19
806rcbc104_AN40	806rcbc104	ATCTACCGAAGC	Mouse.feces	83.14	9g	EG	n.a.	40AN43	G	ISO392	240	10/25/16	HC	M	8/28/16	11/23/16	8.29	12.43	MR	2	24.3	0.83	2.35	14.96	30	53	n.a.	n.a.	n.a.	n.a.	n.a.	n.a.	n.a.	n.a.	n.a.	n.a.	n.a.	11/8/16	2/28/17	ZD	78.06	ZD	8.67	0.005	5/4/17	2.19
806rcbc146_AN40	806rcbc146	AGAGTCTTGCCA	Mouse.feces	83.14	9g	EG	n.a.	40AN40	G	ISO392	250	10/25/16	HC	M	8/28/16	11/23/16	8.29	12.43	MR	3	24.9	1.63	3.09	32.18	29	80	n.a.	n.a.	n.a.	n.a.	n.a.	n.a.	n.a.	n.a.	n.a.	n.a.	n.a.	11/15/16	2/8/17	ZD	19.017	ZD	8.28	0.005	5/4/17	2.19
806rcbc147_AN40	806rcbc147	ACAACACTCCGA	Mouse.feces	88	9g	EG	n.a.	40AN41	G	ISO392	250	10/25/16	T2	M	8/28/16	11/23/16	8.29	12.43	MR	3	24.1	-2.82	2.62	-3.38	30	85	n.a.	n.a.	n.a.	n.a.	n.a.	n.a.	n.a.	n.a.	n.a.	n.a.	n.a.	11/15/16	2/8/17	ST	302.546	ZD	22.5	0.013	5/4/17	2.19
806rcbc148_AN40	806rcbc148	CGATGCTGTTGA	Mouse.feces	93.43	9g	EG	n.a.	40AN42	G	ISO392	240	10/25/16	T1	M	8/28/16	11/23/16	8.29	12.43	MR	3	24.4	0	2.41	-27.38	28	81	n.a.	n.a.	n.a.	n.a.	n.a.	n.a.	n.a.	n.a.	n.a.	n.a.	n.a.	11/15/16	3/1/17	ZD	125.19	ZD	7.78	0.005	5/4/17	2.19
806rcbc149_AN40	806rcbc149	ACGACTGCATAA	Mouse.feces	83.14	9g	EG	n.a.	40AN43	G	ISO392	240	10/25/16	HC	M	8/28/16	11/23/16	8.29	12.43	MR	3	25	3.73	2.23	9.42	30	83	n.a.	n.a.	n.a.	n.a.	n.a.	n.a.	n.a.	n.a.	n.a.	n.a.	n.a.	11/15/16	2/22/17	ZD	414.719	ZD	11.59	0.007	5/4/17	2.19
806rcbc191_AN40	806rcbc191	CGATCTTCGAGC	Mouse.feces	83.14	9g	EG	n.a.	40AN40	G	ISO392	250	10/25/16	HC	M	8/28/16	11/23/16	8.29	12.43	MR	4	25.4	3.67	2.07	-11.42	27	107	0.8255	0.0325	1.3109	0.0516	0.3371	0.0133	0.0168	0.0007	0.0908	0.0036	1	11/22/16	2/24/17	ZD	92.043	ZD	10.34	0.006	5/4/17	2.19
806rcbc192_AN40	806rcbc192	GTCGAATTTGCG	Mouse.feces	88	9g	EG	n.a.	40AN41	G	ISO392	250	10/25/16	T2	M	8/28/16	11/23/16	8.29	12.43	MR	4	24.8	0	2.78	2.28	29	114	0.4688	0.0189	1.3224	0.0533	0.3231	0.013	0.0286	0.0012	0.116	0.0047	2	11/22/16	2/21/17	ZD	383.119	ZD	5.48	0.003	5/4/17	2.19
806rcbc193_AN40	806rcbc193	GCATCAGAGTTA	Mouse.feces	93.43	9g	EG	n.a.	40AN42	G	ISO392	240	10/25/16	T1	M	8/28/16	11/23/16	8.29	12.43	MR	4	24.8	1.64	2.09	-36.93	27	108	0.4973	0.0201	1.4294	0.0576	0.2617	0.0106	0.0305	0.0012	0.099	0.004	3	11/22/16	2/27/17	ZD	36.09	ZD	6.28	0.004	5/4/17	2.19
806rcbc194_AN40	806rcbc194	GTGGTCATCGTA	Mouse.feces	83.14	9g	EG	n.a.	40AN43	G	ISO392	240	10/25/16	HC	M	8/28/16	11/23/16	8.29	12.43	MR	4	24.8	2.9	2.16	5.65	29	112	1.1675	0.0471	1.1755	0.0474	0.2333	0.0094	0.0282	0.0011	0.1056	0.0043	4	11/22/16	2/20/17	ZD	189.755	ZD	5	0.003	5/4/17	2.19
806rcbc60_AN40	806rcbc60	CGGTCAATTGAC	Mouse.feces	90.86	9g	EG	n.a.	40AN44	H	ISO384	230	11/14/16	T2	M	9/16/16	12/13/16	8.43	12.57	AV	1	23.9	2.14	2.1	-16.11	29	29	n.a.	n.a.	n.a.	n.a.	n.a.	n.a.	n.a.	n.a.	n.a.	n.a.	n.a.	11/21/16	2/20/17	ZD	168.662	ZD	9.3	0.006	5/4/17	2.19
806rcbc361_AN40	806rcbc361	TCGATTGGCCGT	Mouse.feces	86	9g	EG	n.a.	40AN46	H	ISO384	250	11/14/16	HC	M	9/16/16	12/13/16	8.43	12.57	AV	1	23.4	-4.88	2.3	17.9	22	22	n.a.	n.a.	n.a.	n.a.	n.a.	n.a.	n.a.	n.a.	n.a.	n.a.	n.a.	11/21/16	2/27/17	ZD	57.814	ZD	9.19	0.005	5/4/17	2.19
806rcbc62_AN40	806rcbc62	GCTCGAAGATTC	Mouse.feces	90.86	9g	EG	n.a.	40AN47	H	ISO384	240	11/14/16	T2	M	9/16/16	12/13/16	8.43	12.57	AV	1	22.7	-5.81	2.34	-13.63	24	24	n.a.	n.a.	n.a.	n.a.	n.a.	n.a.	n.a.	n.a.	n.a.	n.a.	n.a.	11/21/16	2/10/17	ZD	153.925	ZD	5.79	0.003	5/4/17	2.19
806rcbc105_AN40	806rcbc105	ACTTGGTGTAAG	Mouse.feces	90.86	9g	EG	n.a.	40AN44	H	ISO384	230	11/14/16	T2	M	9/16/16	12/13/16	8.43	12.57	AV	2	24.1	2.99	2.42	-3.21	24	53	n.a.	n.a.	n.a.	n.a.	n.a.	n.a.	n.a.	n.a.	n.a.	n.a.	n.a.	11/28/16	2/24/17	ZD	154.093	ZD	12.16	0.007	5/4/17	2.19
806rcbc106_AN40	806rcbc106	TCTTGGAGGTCA	Mouse.feces	86	9g	EG	n.a.	40AN46	H	ISO384	250	11/14/16	HC	M	9/16/16	12/13/16	8.43	12.57	AV	2	23.8	-3.25	2.39	22.74	23	45	n.a.	n.a.	n.a.	n.a.	n.a.	n.a.	n.a.	n.a.	n.a.	n.a.	n.a.	11/28/16	2/27/17	ZD	143.425	ZD	6.06	0.004	5/4/17	2.19
806rcbc107_AN40	806rcbc107	TCACCTCCTTGT	Mouse.feces	90.86	9g	EG	n.a.	40AN47	H	ISO384	240	11/14/16	T2	M	9/16/16	12/13/16	8.43	12.57	AV	2	24.2	0.41	2.84	4.83	26	50	n.a.	n.a.	n.a.	n.a.	n.a.	n.a.	n.a.	n.a.	n.a.	n.a.	n.a.	11/28/16	2/22/17	ZD	130.938	ZD	6.25	0.004	5/4/17	2.19
806rcbc150_AN40	806rcbc150	ACGCGAACTAAT	Mouse.feces	90.86	9g	EG	n.a.	40AN44	H	ISO384	230	11/14/16	T2	M	9/16/16	12/13/16	8.43	12.57	AV	3	24.4	4.27	2.08	-16.91	27	80	n.a.	n.a.	n.a.	n.a.	n.a.	n.a.	n.a.	n.a.	n.a.	n.a.	n.a.	12/5/16	2/16/17	ZD	145.6	ZD	10.02	0.006	5/4/17	2.19
806rcbc151_AN40	806rcbc151	AGCTATGTATGG	Mouse.feces	86	9g	EG	n.a.	40AN46	H	ISO384	250	11/14/16	HC	M	9/16/16	12/13/16	8.43	12.57	AV	3	24.7	0.41	2.67	37.03	25	70	n.a.	n.a.	n.a.	n.a.	n.a.	n.a.	n.a.	n.a.	n.a.	n.a.	n.a.	12/5/16	2/21/17	ZD	126.437	ZD	13.11	0.008	5/4/17	2.19
806rcbc152_AN40	806rcbc152	ACGGGTCATCAT	Mouse.feces	90.86	9g	EG	n.a.	40AN47	H	ISO384	240	11/14/16	T2	M	9/16/16	12/13/16	8.43	12.57	AV	3	25.2	4.56	3.36	23.78	28	78	n.a.	n.a.	n.a.	n.a.	n.a.	n.a.	n.a.	n.a.	n.a.	n.a.	n.a.	12/5/16	2/22/17	ZD	235.691	ZD	7.69	0.005	5/4/17	2.19
806rcbc195_AN40	806rcbc195	CTGAAGGGCGAA	Mouse.feces	90.86	9g	EG	n.a.	40AN44	H	ISO384	230	11/14/16	T2	M	9/16/16	12/13/16	8.43	12.57	AV	4	25	6.84	2.91	16.45	26	106	0.4142	0.0166	1.2544	0.0502	0.41	0.0164	0.0473	0.0019	0.0777	0.0031	1	12/12/16	2/23/17	ZD	207.308	ZD	11.75	0.007	5/4/17	2.19
806rcbc196_AN40	806rcbc196	CGCTCACAGAAT	Mouse.feces	86	9g	EG	n.a.	40AN46	H	ISO384	250	11/14/16	HC	M	9/16/16	12/13/16	8.43	12.57	AV	4	25.5	3.66	2.76	41.41	24	94	0.4201	0.0165	1.3718	0.0538	0.5251	0.0206	0.0418	0.0016	0.1142	0.0045	2	12/12/16	2/22/17	ST	172.497	ZD	10.75	0.006	5/4/17	2.19
806rcbc197_AN40	806rcbc197	ATTCGGTAGTGC	Mouse.feces	90.86	9g	EG	n.a.	40AN47	H	ISO384	240	11/14/16	T2	M	9/16/16	12/13/16	8.43	12.57	AV	4	25.6	6.22	3.11	14.68	26	104	0.4021	0.0157	1.3975	0.0546	0.5197	0.0203	0.0055	0.0002	0.1726	0.0067	3	12/12/16	2/22/17	YTO	198.892	ZD	5.75	0.003	5/4/17	2.19
806rcbc1_AN40	806rcbc1	ACGAGACTGATT	Human.donor	n.a.	n.a.	n.a.	n.a.	89HC.humandonor	n.a.	n.a.	n.a.	n.a.	n.a.	n.a.	n.a.	n.a.	n.a.	n.a.	n.a.	n.a.	n.a.	n.a.	n.a.	n.a.	n.a.	n.a.	n.a.	n.a.	n.a.	n.a.	n.a.	n.a.	n.a.	n.a.	n.a.	n.a.	n.a.	n.a.	2/8/17	ZD	91.594	ZD	8.78	0.005	5/4/17	2.19
806rcbc2_AN40	806rcbc2	GCTGTACGGATT	Human.donor	n.a.	n.a.	n.a.	n.a.	40T1.human.donor	n.a.	n.a.	n.a.	n.a.	n.a.	n.a.	n.a.	n.a.	n.a.	n.a.	n.a.	n.a.	n.a.	n.a.	n.a.	n.a.	n.a.	n.a.	n.a.	n.a.	n.a.	n.a.	n.a.	n.a.	n.a.	n.a.	n.a.	n.a.	n.a.	n.a.	3/1/17	ZD	22.96	ZD	7.25	0.004	5/4/17	2.19
806rcbc3_AN40	806rcbc3	ATCACCAGGTGT	Human.donor	n.a.	n.a.	n.a.	n.a.	40T2.human.donor	n.a.	n.a.	n.a.	n.a.	n.a.	n.a.	n.a.	n.a.	n.a.	n.a.	n.a.	n.a.	n.a.	n.a.	n.a.	n.a.	n.a.	n.a.	n.a.	n.a.	n.a.	n.a.	n.a.	n.a.	n.a.	n.a.	n.a.	n.a.	n.a.	n.a.	2/27/17	ZD	163.852	ZD	5.15	0.003	5/4/17	2.19
