#SampleID	BarcodeSequence	LinkerPrimerSequence	Treatment Group	Time point (weeks)	TumorVolume	TumorWeight	Description	Cage number
4.01.15	TAAGGCGGCGTAAG	AGAGTTTGATCCTGGCTCAG	Control	15	330.5018963	0.4508	4.01.15	1
4.02.15	TAAGGCGCTCTCTA	AGAGTTTGATCCTGGCTCAG	Control	15	347.3628051	0.3817	4.02.15	1
4.03.15	TAAGGCGTATCCTC	AGAGTTTGATCCTGGCTCAG	Control	15	843.9705188	0.8433	4.03.15	2
4.04.15	TAAGGCGAGAGTAG	AGAGTTTGATCCTGGCTCAG	Control	15	125.083112	0.1759	4.04.15	2
4.05.15	TAAGGCGGTAAGGA	AGAGTTTGATCCTGGCTCAG	Control	15	129.3565264	0.2311	4.05.15	3
4.06.15	TAAGGCGACTGCAT	AGAGTTTGATCCTGGCTCAG	Control	15	3.31775226	0.007	4.06.15	3
4.07.15	TAAGGCGAAGGAGT	AGAGTTTGATCCTGGCTCAG	Control	15	NA	NA	4.07.15	4
4.08.15	TAAGGCGCTAAGCC	AGAGTTTGATCCTGGCTCAG	Control	15	1316.773315	0.9987	4.08.15	4
4.09.15	CGTACTAGCGTAAG	AGAGTTTGATCCTGGCTCAG	Control	15	495.8184218	0.4016	4.09.15	5
4.10.15	CGTACTACTCTCTA	AGAGTTTGATCCTGGCTCAG	Control	15	1767.811682	0.725	4.10.15	5
4.11.15	CGTACTATATCCTC	AGAGTTTGATCCTGGCTCAG	Control	15	NA	NA	4.11.15	7
4.13.15	CGTACTAAGAGTAG	AGAGTTTGATCCTGGCTCAG	Control	15	443.5236728	0.8042	4.13.15	7
4.14.15	CGTACTAGTAAGGA	AGAGTTTGATCCTGGCTCAG	Control	15	1146.839407	1.045	4.14.15	7
4.15.15	CGTACTAACTGCAT	AGAGTTTGATCCTGGCTCAG	Control	15	NA	NA	4.15.15	8
4.16.15	CGTACTAAAGGAGT	AGAGTTTGATCCTGGCTCAG	Control	15	706.5063418	0.9583	4.16.15	8
4.17.15	CGTACTACTAAGCC	AGAGTTTGATCCTGGCTCAG	Control	15	28.1051823	0.0396	4.17.15	9
4.18.15	AGGCAGAGCGTAAG	AGAGTTTGATCCTGGCTCAG	Control	15	481.1832398	0.5959	4.18.15	9
4.19.15	AGGCAGACTCTCTA	AGAGTTTGATCCTGGCTCAG	Control	15	NA	NA	4.19.15	10
4.20.15	AGGCAGATATCCTC	AGAGTTTGATCCTGGCTCAG	Control	15	NA	NA	4.20.15	10
4.25.15	AGGCAGAAGAGTAG	AGAGTTTGATCCTGGCTCAG	DIO	15	NA	NA	4.25.15	13
4.29.15	AGGCAGAGTAAGGA	AGAGTTTGATCCTGGCTCAG	DIO	15	NA	NA	4.29.15	15
4.31.15	AGGCAGAACTGCAT	AGAGTTTGATCCTGGCTCAG	DIO	15	877.3993984	0.8988	4.31.15	16
4.32.15	AGGCAGAAAGGAGT	AGAGTTTGATCCTGGCTCAG	DIO	15	NA	NA	4.32.15	16
4.40.15	AGGCAGACTAAGCC	AGAGTTTGATCCTGGCTCAG	DIO	15	1193.916774	1.3374	4.40.15	20
4.41.15	TCCTGAGGCGTAAG	AGAGTTTGATCCTGGCTCAG	FOb	15	1078.897703	1.6042	4.41.15	21
4.42.15	TCCTGAGCTCTCTA	AGAGTTTGATCCTGGCTCAG	FOb	15	360.1725508	0.4719	4.42.15	21
4.45.15	TCCTGAGTATCCTC	AGAGTTTGATCCTGGCTCAG	FOb	15	NA	NA	4.45.15	23
4.51.15	TCCTGAGAGAGTAG	AGAGTTTGATCCTGGCTCAG	FOb	15	288.789568	0.3895	4.51.15	26
4.52.15	TCCTGAGGTAAGGA	AGAGTTTGATCCTGGCTCAG	FOb	15	976.7523896	1.4493	4.52.15	26
4.56.15	TCCTGAGACTGCAT	AGAGTTTGATCCTGGCTCAG	FOb	15	NA	NA	4.56.15	28
4.57.15	TCCTGAGAAGGAGT	AGAGTTTGATCCTGGCTCAG	FOb	15	603.9626877	1.1375	4.57.15	29
4.58.15	TCCTGAGCTAAGCC	AGAGTTTGATCCTGGCTCAG	FOb	15	233.5942796	0.4562	4.58.15	29
4.62.15	GGACTCCGCGTAAG	AGAGTTTGATCCTGGCTCAG	HCCR	15	82.08101928	0.1307	4.62.15	31
4.63.15	GGACTCCCTCTCTA	AGAGTTTGATCCTGGCTCAG	HCCR	15	49.48354469	0.0565	4.63.15	32
4.64.15	GGACTCCTATCCTC	AGAGTTTGATCCTGGCTCAG	HCCR	15	104.5912585	0.147	4.64.15	32
4.65.15	GGACTCCAGAGTAG	AGAGTTTGATCCTGGCTCAG	HCCR	15	NA	NA	4.65.15	33
4.71.15	GGACTCCGTAAGGA	AGAGTTTGATCCTGGCTCAG	HCCR	15	NA	NA	4.71.15	36
4.72.15	GGACTCCACTGCAT	AGAGTTTGATCCTGGCTCAG	HCCR	15	214.4443658	0.308	4.72.15	36
4.76.15	GGACTCCAAGGAGT	AGAGTTTGATCCTGGCTCAG	HCCR	15	NA	NA	4.76.15	38
4.81.15	GGACTCCCTAAGCC	AGAGTTTGATCCTGGCTCAG	LCCR	15	0	0	4.81.15	41
4.89.15	TAGGCATGCGTAAG	AGAGTTTGATCCTGGCTCAG	LCCR	15	263.8991648	0.2631	4.89.15	45
4.95.15	TAGGCATCTCTCTA	AGAGTTTGATCCTGGCTCAG	LCCR	15	227.5921774	0.2314	4.95.15	48
4.96.15	TAGGCATTATCCTC	AGAGTTTGATCCTGGCTCAG	LCCR	15	760.0829984	0.6048	4.96.15	48
4.110.15	TAGGCATAGAGTAG	AGAGTTTGATCCTGGCTCAG	ICR	15	67.90584724	0.1235	4.110.15	55
4.116.15	TAGGCATGTAAGGA	AGAGTTTGATCCTGGCTCAG	ICR	15	84.2351472	0.1349	4.116.15	58
4.01.25	TAGGCATACTGCAT	AGAGTTTGATCCTGGCTCAG	Control	25	330.5018963	0.4508	4.01.25	1
4.02.25	TAGGCATAAGGAGT	AGAGTTTGATCCTGGCTCAG	Control	25	347.3628051	0.3817	4.02.25	1
4.03.25	TAGGCATCTAAGCC	AGAGTTTGATCCTGGCTCAG	Control	25	843.9705188	0.8433	4.03.25	2
4.04.25	CTCTCTAGCGTAAG	AGAGTTTGATCCTGGCTCAG	Control	25	125.083112	0.1759	4.04.25	2
4.05.25	CTCTCTACTCTCTA	AGAGTTTGATCCTGGCTCAG	Control	25	129.3565264	0.2311	4.05.25	3
4.06.25	CTCTCTATATCCTC	AGAGTTTGATCCTGGCTCAG	Control	25	3.31775226	0.007	4.06.25	3
4.07.25	CTCTCTAAGAGTAG	AGAGTTTGATCCTGGCTCAG	Control	25	NA	NA	4.07.25	4
4.08.25	CTCTCTAGTAAGGA	AGAGTTTGATCCTGGCTCAG	Control	25	1316.773315	0.9987	4.08.25	4
4.09.25	CTCTCTAACTGCAT	AGAGTTTGATCCTGGCTCAG	Control	25	495.8184218	0.4016	4.09.25	5
4.10.25	CTCTCTAAAGGAGT	AGAGTTTGATCCTGGCTCAG	Control	25	1767.811682	0.725	4.10.25	5
4.11.25	CTCTCTACTAAGCC	AGAGTTTGATCCTGGCTCAG	Control	25	NA	NA	4.11.25	7
4.13.25	CAGAGAGGCGTAAG	AGAGTTTGATCCTGGCTCAG	Control	25	443.5236728	0.8042	4.13.25	7
4.14.25	CAGAGAGCTCTCTA	AGAGTTTGATCCTGGCTCAG	Control	25	1146.839407	1.045	4.14.25	7
4.15.25	CAGAGAGTATCCTC	AGAGTTTGATCCTGGCTCAG	Control	25	NA	NA	4.15.25	8
4.17.25	CAGAGAGAGAGTAG	AGAGTTTGATCCTGGCTCAG	Control	25	28.1051823	0.0396	4.17.25	9
4.18.25	CAGAGAGGTAAGGA	AGAGTTTGATCCTGGCTCAG	Control	25	481.1832398	0.5959	4.18.25	9
4.19.25	CAGAGAGACTGCAT	AGAGTTTGATCCTGGCTCAG	Control	25	NA	NA	4.19.25	10
4.20.25	CAGAGAGAAGGAGT	AGAGTTTGATCCTGGCTCAG	Control	25	NA	NA	4.20.25	10
4.21.25	CAGAGAGCTAAGCC	AGAGTTTGATCCTGGCTCAG	DIO	25	NA	NA	4.21.25	11
4.22.25	GCTACGCGCGTAAG	AGAGTTTGATCCTGGCTCAG	DIO	25	1390.014065	2.0992	4.22.25	11
4.23.25	GCTACGCCTCTCTA	AGAGTTTGATCCTGGCTCAG	DIO	25	329.729673	0.7864	4.23.25	12
4.24.25	GCTACGCTATCCTC	AGAGTTTGATCCTGGCTCAG	DIO	25	1158.446292	1.6002	4.24.25	12
4.25.25	GCTACGCAGAGTAG	AGAGTTTGATCCTGGCTCAG	DIO	25	NA	NA	4.25.25	13
4.27.25	GCTACGCGTAAGGA	AGAGTTTGATCCTGGCTCAG	DIO	25	759.9010631	0.7436	4.27.25	14
4.28.25	GCTACGCACTGCAT	AGAGTTTGATCCTGGCTCAG	DIO	25	1095.635642	0.9686	4.28.25	14
4.29.25	GCTACGCAAGGAGT	AGAGTTTGATCCTGGCTCAG	DIO	25	NA	NA	4.29.25	15
4.30.25	GCTACGCCTAAGCC	AGAGTTTGATCCTGGCTCAG	DIO	25	1027.673691	1.18	4.30.25	15
4.31.25	CGAGGCTGCGTAAG	AGAGTTTGATCCTGGCTCAG	DIO	25	877.3993984	0.8988	4.31.25	16
4.32.25	CGAGGCTCTCTCTA	AGAGTTTGATCCTGGCTCAG	DIO	25	NA	NA	4.32.25	16
4.33.25	CGAGGCTTATCCTC	AGAGTTTGATCCTGGCTCAG	DIO	25	2155.757356	1.8603	4.33.25	17
4.34.25	CGAGGCTAGAGTAG	AGAGTTTGATCCTGGCTCAG	DIO	25	2067.294841	1.9054	4.34.25	17
4.35.25	CGAGGCTGTAAGGA	AGAGTTTGATCCTGGCTCAG	DIO	25	990.7255152	1.0329	4.35.25	18
4.36.25	CGAGGCTACTGCAT	AGAGTTTGATCCTGGCTCAG	DIO	25	NA	NA	4.36.25	18
4.37.25	CGAGGCTAAGGAGT	AGAGTTTGATCCTGGCTCAG	DIO	25	2571.789777	1.4651	4.37.25	19
4.38.25	CGAGGCTCTAAGCC	AGAGTTTGATCCTGGCTCAG	DIO	25	896.7569254	1.001	4.38.25	19
4.40.25	AAGAGGCGCGTAAG	AGAGTTTGATCCTGGCTCAG	DIO	25	1193.916774	1.3374	4.40.25	20
4.41.25	AAGAGGCCTCTCTA	AGAGTTTGATCCTGGCTCAG	FOb	25	1078.897703	1.6042	4.41.25	21
4.42.25	AAGAGGCTATCCTC	AGAGTTTGATCCTGGCTCAG	FOb	25	360.1725508	0.4719	4.42.25	21
4.43.25	AAGAGGCAGAGTAG	AGAGTTTGATCCTGGCTCAG	FOb	25	NA	NA	4.43.25	22
4.45.25	AAGAGGCGTAAGGA	AGAGTTTGATCCTGGCTCAG	FOb	25	NA	NA	4.45.25	23
4.46.25	AAGAGGCACTGCAT	AGAGTTTGATCCTGGCTCAG	FOb	25	629.3105648	0.7349	4.46.25	23
4.47.25	AAGAGGCAAGGAGT	AGAGTTTGATCCTGGCTCAG	FOb	25	1309.877612	2.1863	4.47.25	24
4.48.25	AAGAGGCCTAAGCC	AGAGTTTGATCCTGGCTCAG	FOb	25	1088.199537	1.0163	4.48.25	24
4.49.25	GTAGAGGGCGTAAG	AGAGTTTGATCCTGGCTCAG	FOb	25	NA	NA	4.49.25	25
4.51.25	GTAGAGGCTCTCTA	AGAGTTTGATCCTGGCTCAG	FOb	25	288.789568	0.3895	4.51.25	26
4.52.25	GTAGAGGTATCCTC	AGAGTTTGATCCTGGCTCAG	FOb	25	976.7523896	1.4493	4.52.25	26
4.53.25	GTAGAGGAGAGTAG	AGAGTTTGATCCTGGCTCAG	FOb	25	515.2583251	0.715	4.53.25	27
4.54.25	GTAGAGGGTAAGGA	AGAGTTTGATCCTGGCTCAG	FOb	25	NA	NA	4.54.25	27
4.56.25	GTAGAGGACTGCAT	AGAGTTTGATCCTGGCTCAG	FOb	25	NA	NA	4.56.25	28
4.57.25	GTAGAGGAAGGAGT	AGAGTTTGATCCTGGCTCAG	FOb	25	603.9626877	1.1375	4.57.25	29
BLANK	GTAGAGGCTAAGCC	AGAGTTTGATCCTGGCTCAG	NA	NA	NA	NA	BLANK	NA
4.58.25	TAAGGCGGCGTAAG	AGAGTTTGATCCTGGCTCAG	FOb	25	233.5942796	0.4562	4.58.25	29
4.59.25	TAAGGCGCTCTCTA	AGAGTTTGATCCTGGCTCAG	FOb	25	705.0683808	1.091	4.59.25	30
4.60.25	TAAGGCGTATCCTC	AGAGTTTGATCCTGGCTCAG	FOb	25	675.8482494	1.0066	4.60.25	30
4.61.25	TAAGGCGAGAGTAG	AGAGTTTGATCCTGGCTCAG	HCCR	25	NA	NA	4.61.25	31
4.62.25	TAAGGCGGTAAGGA	AGAGTTTGATCCTGGCTCAG	HCCR	25	82.08101928	0.1307	4.62.25	31
4.63.25	TAAGGCGACTGCAT	AGAGTTTGATCCTGGCTCAG	HCCR	25	49.48354469	0.0565	4.63.25	32
4.64.25	TAAGGCGAAGGAGT	AGAGTTTGATCCTGGCTCAG	HCCR	25	104.5912585	0.147	4.64.25	32
4.65.25	TAAGGCGCTAAGCC	AGAGTTTGATCCTGGCTCAG	HCCR	25	NA	NA	4.65.25	33
4.66.25	CGTACTAGCGTAAG	AGAGTTTGATCCTGGCTCAG	HCCR	25	126.6806687	0.1875	4.66.25	33
4.67.25	CGTACTACTCTCTA	AGAGTTTGATCCTGGCTCAG	HCCR	25	126.6140316	0.2289	4.67.25	34
4.68.25	CGTACTATATCCTC	AGAGTTTGATCCTGGCTCAG	HCCR	25	NA	NA	4.68.25	34
4.69.25	CGTACTAAGAGTAG	AGAGTTTGATCCTGGCTCAG	HCCR	25	185.3986624	0.1952	4.69.25	35
4.70.25	CGTACTAGTAAGGA	AGAGTTTGATCCTGGCTCAG	HCCR	25	95.91901917	0.1198	4.70.25	35
4.71.25	CGTACTAACTGCAT	AGAGTTTGATCCTGGCTCAG	HCCR	25	NA	NA	4.71.25	36
4.72.25	CGTACTAAAGGAGT	AGAGTTTGATCCTGGCTCAG	HCCR	25	214.4443658	0.308	4.72.25	36
4.73.25	CGTACTACTAAGCC	AGAGTTTGATCCTGGCTCAG	HCCR	25	12.718256	0.014	4.73.25	37
4.74.25	AGGCAGAGCGTAAG	AGAGTTTGATCCTGGCTCAG	HCCR	25	321.4629291	0.1877	4.74.25	37
4.75.25	AGGCAGACTCTCTA	AGAGTTTGATCCTGGCTCAG	HCCR	25	218.6478293	0.3288	4.75.25	38
4.76.25	AGGCAGATATCCTC	AGAGTTTGATCCTGGCTCAG	HCCR	25	NA	NA	4.76.25	38
4.77.25	AGGCAGAAGAGTAG	AGAGTTTGATCCTGGCTCAG	HCCR	25	59.25002067	0.0634	4.77.25	39
4.78.25	AGGCAGAGTAAGGA	AGAGTTTGATCCTGGCTCAG	HCCR	25	88.19012373	0.12	4.78.25	39
4.79.25	AGGCAGAACTGCAT	AGAGTTTGATCCTGGCTCAG	HCCR	25	43.66576107	0.0109	4.79.25	40
4.81.25	AGGCAGAAAGGAGT	AGAGTTTGATCCTGGCTCAG	LCCR	25	0	0	4.81.25	41
4.82.25	AGGCAGACTAAGCC	AGAGTTTGATCCTGGCTCAG	LCCR	25	1089.642967	0.5599	4.82.25	41
4.83.25	TCCTGAGGCGTAAG	AGAGTTTGATCCTGGCTCAG	LCCR	25	NA	NA	4.83.25	42
4.84.25	TCCTGAGCTCTCTA	AGAGTTTGATCCTGGCTCAG	LCCR	25	360.6788381	0.3954	4.84.25	42
4.85.25	TCCTGAGTATCCTC	AGAGTTTGATCCTGGCTCAG	LCCR	25	185.764755	0.2464	4.85.25	43
4.86.25	TCCTGAGAGAGTAG	AGAGTTTGATCCTGGCTCAG	LCCR	25	28.55995478	0.0319	4.86.25	43
4.87.25	TCCTGAGGTAAGGA	AGAGTTTGATCCTGGCTCAG	LCCR	25	NA	NA	4.87.25	44
4.88.25	TCCTGAGACTGCAT	AGAGTTTGATCCTGGCTCAG	LCCR	25	485.6046801	0.5652	4.88.25	44
4.89.25	TCCTGAGAAGGAGT	AGAGTTTGATCCTGGCTCAG	LCCR	25	263.8991648	0.2631	4.89.25	45
4.90.25	TCCTGAGCTAAGCC	AGAGTTTGATCCTGGCTCAG	LCCR	25	104.8904691	0.3238	4.90.25	45
4.91.25	GGACTCCGCGTAAG	AGAGTTTGATCCTGGCTCAG	LCCR	25	219.7241627	0.1748	4.91.25	46
4.92.25	GGACTCCCTCTCTA	AGAGTTTGATCCTGGCTCAG	LCCR	25	213.0261785	0.3153	4.92.25	46
4.93.25	GGACTCCTATCCTC	AGAGTTTGATCCTGGCTCAG	LCCR	25	248.6736083	0.302	4.93.25	47
4.94.25	GGACTCCAGAGTAG	AGAGTTTGATCCTGGCTCAG	LCCR	25	NA	NA	4.94.25	47
4.95.25	GGACTCCGTAAGGA	AGAGTTTGATCCTGGCTCAG	LCCR	25	227.5921774	0.2314	4.95.25	48
4.96.25	GGACTCCACTGCAT	AGAGTTTGATCCTGGCTCAG	LCCR	25	760.0829984	0.6048	4.96.25	48
4.97.25	GGACTCCAAGGAGT	AGAGTTTGATCCTGGCTCAG	LCCR	25	NA	NA	4.97.25	49
4.98.25	GGACTCCCTAAGCC	AGAGTTTGATCCTGGCTCAG	LCCR	25	40.04801216	0.0831	4.98.25	49
4.99.25	TAGGCATGCGTAAG	AGAGTTTGATCCTGGCTCAG	LCCR	25	NA	NA	4.99.25	50
4.100.25	TAGGCATCTCTCTA	AGAGTTTGATCCTGGCTCAG	LCCR	25	415.2960619	0.4207	4.100.25	50
4.101.25	TAGGCATTATCCTC	AGAGTTTGATCCTGGCTCAG	ICR	25	NA	NA	4.101.25	51
4.102.25	TAGGCATAGAGTAG	AGAGTTTGATCCTGGCTCAG	ICR	25	2.83687853	0.0052	4.102.25	51
4.103.25	TAGGCATGTAAGGA	AGAGTTTGATCCTGGCTCAG	ICR	25	167.1898443	0.2499	4.103.25	52
4.104.25	TAGGCATACTGCAT	AGAGTTTGATCCTGGCTCAG	ICR	25	158.9166675	0.3047	4.104.25	52
4.105.25	TAGGCATAAGGAGT	AGAGTTTGATCCTGGCTCAG	ICR	25	200.7274202	0.2332	4.105.25	53
4.106.25	TAGGCATCTAAGCC	AGAGTTTGATCCTGGCTCAG	ICR	25	62.52293425	0.0875	4.106.25	53
4.107.25	CTCTCTAGCGTAAG	AGAGTTTGATCCTGGCTCAG	ICR	25	182.1035401	0.2598	4.107.25	54
4.108.25	CTCTCTACTCTCTA	AGAGTTTGATCCTGGCTCAG	ICR	25	NA	NA	4.108.25	54
4.109.25	CTCTCTATATCCTC	AGAGTTTGATCCTGGCTCAG	ICR	25	388.20218	0.5322	4.109.25	55
4.110.25	CTCTCTAAGAGTAG	AGAGTTTGATCCTGGCTCAG	ICR	25	67.90584724	0.1235	4.110.25	55
4.111.25	CTCTCTAGTAAGGA	AGAGTTTGATCCTGGCTCAG	ICR	25	NA	NA	4.111.25	56
4.112.25	CTCTCTAACTGCAT	AGAGTTTGATCCTGGCTCAG	ICR	25	52.54137299	0.0614	4.112.25	56
4.113.25	CTCTCTAAAGGAGT	AGAGTTTGATCCTGGCTCAG	ICR	25	38.3534515	0.0519	4.113.25	57
4.114.25	CTCTCTACTAAGCC	AGAGTTTGATCCTGGCTCAG	ICR	25	125.2268769	0.2079	4.114.25	57
4.115.25	CAGAGAGGCGTAAG	AGAGTTTGATCCTGGCTCAG	ICR	25	NA	NA	4.115.25	58
4.116.25	CAGAGAGCTCTCTA	AGAGTTTGATCCTGGCTCAG	ICR	25	84.2351472	0.1349	4.116.25	58
4.117.25	CAGAGAGTATCCTC	AGAGTTTGATCCTGGCTCAG	ICR	25	173.4014603	0.2125	4.117.25	59
4.118.25	CAGAGAGAGAGTAG	AGAGTTTGATCCTGGCTCAG	ICR	25	NA	NA	4.118.25	59
4.119.25	CAGAGAGGTAAGGA	AGAGTTTGATCCTGGCTCAG	ICR	25	42.8598068	0.045	4.119.25	60
4.120.25	CAGAGAGACTGCAT	AGAGTTTGATCCTGGCTCAG	ICR	25	153.1209884	0.196	4.120.25	60
BLANK	CAGAGAGAAGGAGT	AGAGTTTGATCCTGGCTCAG	NA	NA	NA	NA	BLANK	NA
