#SampleID	StartWeight.g	EndWeight.g	Date	Source	Animal Nu	Exp or Ctrl	Experiment/ Sample info	BarcodeSequence	LinkerPrimerSequence	BarcodePlate	Well	Tube # (Sample ID)	Length of study	Sample Description	Group	Sex	Date Exp performed	Housing	Chow Fed	Location of experiment	Elevated Plus Maze: Time in Open Arms (sec)	Elevated Plus Maze:Entries to Open Arms	Elevated Plus Maze:distance traveled in Open Arms (meters)	Elevated Plus Maze:Time in Closed Arms (sec)	Elevated Plus Maze:Entries to Closed Arms	Elevated Plus Maze:distance traveled in Closed Arms (meters)	Elevated Plus Maze:Total Distance Traveled (meters)	Elevated Plus Maze:Average Speed in Open Arms (m per s)	Elevated Plus Maze:Average Speed in Closed Arms (m per s)	Elevated Plus Maze:# of rearings in Closed Arms	Elevated Plus Maze:# of groomings in Closed Arms	Light/Dark OF:time spent in dark zone (sec)	Light/Dark OF:entries to the dark zone	Light/Dark OF:longest visit to dark zone (sec)	Light/Dark OF:latency to first entry to dark zone (sec)	Light/Dark OF:time spent in the light zone (sec)	Light/Dark OF:entries to the light zone	Light/Dark OF:distance traveled in the light zone (meters)	Light/Dark OF:average speed in the light zone (m per s)	Light/Dark OF:# of rearings in the light zone	Light/Dark OF:time rearing in the light zone (sec)	Open Field:Total Distance Traveled (meters)	Open Field:Average Speed (m per s)	Open Field:Time spent in periphery (sec)	Open Field:# of entries to the periphery	Open Field:Distance Traveled in periphery (meters)	Open Field:Speed in periphery (m per s)	Open Field:Time spent in center (sec)	Open Field:# of entries to center 	Open Field:Distance Traveled in center (meters)	Open Field:Speed in the center (m per s)	Open Field:# of rearings in the periphery	Open Field:Time rearing in the periphery (sec)	Open Field:# of rearings in the center	Open Field:Time rearing in the center (sec)	Open Field:# of groomings in the periphery	Open Field:Time grooming in the periphery (sec)	Open Field:# of groomings in the center	Open Field:Time grooming in the center (sec)
D001	30.5	30.1	4/1/16	feces	1	Exp	12/19/2014 Male	TCCCTTGTCTCC	CCGGACTACHVGGGTWTCTAAT	1	A1	19	Chronic (19 Day)	11-30-14 #1 Chronic (19 Day) Charles River CF-1 male Experimental	Experimental	male	11/30/14	"#1,2,3,4 in same cage"	Texas Tech	Texas Tech	196.4	27	8.816	234.1	29	15.463	29.571	0.045	0.066	28	1	339.9	25	84.2	25.9	149.1	25	10.998	0.074	12	11.5	52.17	0.087	553.6	42	46.015	0.083	46.4	43	6.155	0.133	106	117.8	7	12.4	3	10.7	0	0
D002	31.9	34.2	4/1/16	feces	2	Exp	12/19/2014 Male	TGCATACACTGG	CCGGACTACHVGGGTWTCTAAT	1	B1	20	Chronic (19 Day)	11-30-14 #2 Chronic (19 Day) Charles River CF-1 male Experimental	Experimental	male	11/30/14	"#1,2,3,4 in same cage"	Texas Tech	Texas Tech	7	6	0.087	298.6	42	17.174	21.934	0.012	0.058	12	1	336.4	30	31	70	278.4	30	18.361	0.066	16	14.5	40.691	0.068	553.7	26	37.886	0.068	46.3	25	2.805	0.061	85	99.2	9	9.2	6	15.6	0	0
D003	28.6	31.3	4/1/16	feces	3	Exp	12/19/2014 Male	GCACTGGCATAT	CCGGACTACHVGGGTWTCTAAT	8	E1	21	Chronic (19 Day)	11-30-14 #3 Chronic (19 Day) Charles River CF-1 male Experimental	Experimental	male	11/30/14	"#1,2,3,4 in same cage"	Texas Tech	Texas Tech	18.6	1	0.158	370.3	38	13.279	16.204	0.008	0.036	52	1	296.3	13	119.9	27.3	207.7	13	6.796	0.033	19	19.2	23.33	0.039	579.8	10	22.055	0.038	20.2	10	1.275	0.063	68	89.8	2	1.5	2	10.5	0	0
D004	32.4	33.9	4/1/16	feces	4	Exp	12/19/2014 Male	CACTACGCTAGA	CCGGACTACHVGGGTWTCTAAT	1	D1	22	Chronic (19 Day)	11-30-14 #4 Chronic (19 Day) Charles River CF-1 male Experimental	Experimental	male	11/30/14	"#1,2,3,4 in same cage"	Texas Tech	Texas Tech	103.1	10	3.596	319.1	34	17.005	24.388	0.035	0.053	41	4	429.3	19	40.5	0	247.5	19	12.134	0.049	27	34.9	29.257	0.049	591.4	16	27.748	0.047	8.6	15	1.509	0.176	86	128.5	0	0.9	3	5.8	1	1.1
D005	30.1	32	4/1/16	feces	5	Ctrl	12/19/2014 Male	TACTACGTGGCC	CCGGACTACHVGGGTWTCTAAT	1	E1	11	Chronic (19 Day)	11-30-14 #5 Chronic (19 Day) Charles River CF-1 male Control	Control	male	11/30/14	"#5,6,7,8 in same cage"	Texas Tech	Texas Tech	33.4	7	3.981	304.3	39	9.862001	16.153	0.119	0.032	13	3	580.8	19	59.6	33.5	166	19	8.796	0.053	6	4.7	44.514	0.074	552.6	31	40.329	0.073	47.4	30	4.185	0.088	58	70.9	5	5.7	3	10	0	0
D006	32.7	34	4/1/16	feces	6	Ctrl	12/19/2014 Male	CGGTAGTTGATC	CCGGACTACHVGGGTWTCTAAT	8	E3	12	Chronic (19 Day)	11-30-14 #6 Chronic (19 Day) Charles River CF-1 male Control	Control	male	11/30/14	"#5,6,7,8 in same cage"	Texas Tech	Texas Tech	8.9	2	0.058	443.8	43	15.64	17.655	0.007	0.035	33	2	407.4	6	197.9	2.8	22.4	6	0.877	0.039	0	0	23.175	0.039	584.3	5	22.05	0.038	15.6	5	1.125	0.072	42	40.2	0	0	5	11.5	0	0
D007	31.2	32.9	4/1/16	feces	7	Ctrl	12/19/2014 Male	GGTTACGGTTAC	CCGGACTACHVGGGTWTCTAAT	8	E5	13	Chronic (19 Day)	11-30-14 #7 Chronic (19 Day) Charles River CF-1 male Control	Control	male	11/30/14	"#5,6,7,8 in same cage"	Texas Tech	Texas Tech	0	0	0	471.3	27	15.686	16.8	0	0.033	41	4	428.6	4	430	4	33.4	4	1.697	0.051	3	2.8	53.908	0.09	548.3	45	47.484	0.087	51.7	44	6.424	0.124	97	112.8	8	12.6	2	12.4	0	0
D008	33.5	33.8	4/1/16	feces	8	Ctrl	12/19/2014 Male	CGTAAGATGCCT	CCGGACTACHVGGGTWTCTAAT	1	H1	14	Chronic (19 Day)	11-30-14 #8 Chronic (19 Day) Charles River CF-1 male Control	Control	male	11/30/14	"#5,6,7,8 in same cage"	Texas Tech	Texas Tech	25.9	2	0.73	297.7	26	11.405	14.787	0.028	0.038	23	1	427	13	141	61.9	181.3	14	8.164	0.045	16	11.6	18.577	0.031	566.6	19	16.403	0.029	33.4	18	2.174	0.065	45	57	4	5.6	2	8.2	0	0
D009	33.8	37.2	4/7/16	feces	9	Exp	12/19/2014 Male	ACGAGACTGATT	CCGGACTACHVGGGTWTCTAAT	1	A2	23	Chronic (19 Day)	11-30-14 #9 Chronic (19 Day) Charles River CF-1 male Experimental	Experimental	male	11/30/14	"#9,10,11,12 in same cage"	Texas Tech	Texas Tech	148.4	20	5.986	200.1	43	16.432	28.687	0.04	0.082	15	1	372.2	22	76.2	20.4	148.1	23	11.961	0.081	8	7.3	28.427	0.047	584	14	26.829	0.046	16	13	1.599	0.1	59	86.2	2	2.9	10	41	0	0
D010	32	33.3	4/7/16	feces	10	Exp	12/19/2014 Male	AGTCGAACGAGG	CCGGACTACHVGGGTWTCTAAT	1	B2	24	Chronic (19 Day)	11-30-14 #10 Chronic (19 Day) Charles River CF-1 male Experimental	Experimental	male	11/30/14	"#9,10,11,12 in same cage"	Texas Tech	Texas Tech	62.4	11	1.238	308.1	51	20	26.986	0.02	0.065	26	4	510.3	24	74.5	16.8	199.6	24	14.981	0.075	15	15	50.349	0.084	576	39	45.549	0.079	24	38	4.8	0.2	95	139.5	2	6.3	3	15.4	0	0
D011	31.4	34	4/7/16	feces	11	Exp	12/19/2014 Male	CGAGCAATCCTA	CCGGACTACHVGGGTWTCTAAT	1	C2	25	Chronic (19 Day)	11-30-14 #11 Chronic (19 Day) Charles River CF-1 male Experimental	Experimental	male	11/30/14	"#9,10,11,12 in same cage"	Texas Tech	Texas Tech	115.6	11	3.627	212.4	36	14.652	22.897	0.031	0.069	25	2	501.6	20	129.5	8.9	202.1	20	11.982	0.059	30	27.1	34.155	0.057	577.6	24	31.542	0.055	22.3	23	2.613	0.117	97	168.7	4	9.6	3	8.6	0	0
D012	27.5	32.2	4/7/16	feces	12	Exp	12/19/2014 Male	TGCAGTCCTCGA	CCGGACTACHVGGGTWTCTAAT	1	D2	26	Chronic (19 Day)	11-30-14 #12 Chronic (19 Day) Charles River CF-1 male Experimental	Experimental	male	11/30/14	"#9,10,11,12 in same cage"	Texas Tech	Texas Tech	53.2	2	0.747	244	31	12.2	16.745	0.014	0.05	22	2	526	23	52.6	3.7	194	23	10.021	0.052	23	19.2	32.259	0.054	566.9	23	29.899	0.053	33.1	22	2.36	0.071	89	116.1	6	5.9	9	24.6	1	8.7
D013	30	30.5	4/7/16	feces	13	Ctrl	12/19/2014 Male	GGCCAGTTCCTA	CCGGACTACHVGGGTWTCTAAT	1	E2	15	Chronic (19 Day)	11-30-14 #13 Chronic (19 Day) Charles River CF-1 male Control	Control	male	11/30/14	"#13,14,15,16 in same cage"	Texas Tech	Texas Tech	90.9	6	2.141	258	25	9.745	14.636	0.024	0.038	17	3	404.7	13	158.4	3.3	120	13	4.376	0.036	5	5.6	21.972	0.037	500.9	23	18.633	0.037	99.1	22	3.34	0.034	41	69.1	2	1.1	1	4.2	0	0
D014	31	32.6	4/7/16	feces	14	Ctrl	12/19/2014 Male	GTGGAGTCTCAT	CCGGACTACHVGGGTWTCTAAT	1	F2	16	Chronic (19 Day)	11-30-14 #14 Chronic (19 Day) Charles River CF-1 male Control	Control	male	11/30/14	"#13,14,15,16 in same cage"	Texas Tech	Texas Tech	66.7	9	1.727	204.5	37	11.383	16.881	0.026	0.056	20	0	532	18	92	77.6	165.7	18	8.282	0.05	17	15.1	28.53	0.048	410.5	58	23.896	0.058	189.4	57	4.633	0.024	41	51	5	10.2	6	44.9	10	70.8
D015	32.5	35	4/7/16	feces	15	Ctrl	12/19/2014 Male	ATGGGTTCCGTC	CCGGACTACHVGGGTWTCTAAT	1	G2	17	Chronic (19 Day)	11-30-14 #15 Chronic (19 Day) Charles River CF-1 male Control	Control	male	11/30/14	"#13,14,15,16 in same cage"	Texas Tech	Texas Tech	0	0	0	287.3	52	15.236	19.343	0	0.053	28	2	528.9	27	33.6	13	197.2	27	8.932	0.045	3	1.7	25.836	0.043	534.5	30	21.539	0.04	65.5	30	4.297	0.066	42	34.2	5	4.7	4	25.9	0	0
D016	33.8	35.7	4/7/16	feces	16	Ctrl	12/19/2014 Male	GCGTTCTAGCTG	CCGGACTACHVGGGTWTCTAAT	1	H2	18	Chronic (19 Day)	11-30-14 #16 Chronic (19 Day) Charles River CF-1 male Control	Control	male	11/30/14	"#13,14,15,16 in same cage"	Texas Tech	Texas Tech	25.5	1	0.274	398.2	29	11.335	14.277	0.011	0.028	21	3	497.5	4	276	34.7	39	4	2.236	0.057	3	2.7	32.683	0.054	568.2	24	29.275	0.052	31.7	23	3.408	0.107	65	81.2	4	4.4	2	4.9	1	0.1
D017	25.3	24.6	4/8/16	feces	1	Exp	Chronic 2-17-15 Female	GCTGTACGGATT	CCGGACTACHVGGGTWTCTAAT	1	A3	46	Chronic (19 Day)	2-17-15 #1 Chronic (19 Day) Charles River CF-1 female Experimental	Experimental	female	2/17/15	"#1,2,3,4 in same cage"	Texas Tech	Texas Tech	97.9	11	2.838	265.7	40	13.518	21.023	0.029	0.051	21	4	354.5	36	38.8	10.5	245.5	36	16.869	0.069	29	31.3	44.998	0.075	545.4	38	38.226	0.07	25.7	30	3.066	0.119	118	159	4	4.4	0	0	0	0
D018	24.1	23.9	4/8/16	feces	2	Exp	Chronic 2-17-15 Female	ACCAGTGACTCA	CCGGACTACHVGGGTWTCTAAT	1	B3	47	Chronic (19 Day)	2-17-15 #2 Chronic (19 Day) Charles River CF-1 female Experimental	Experimental	female	2/17/15	"#1,2,3,4 in same cage"	Texas Tech	Texas Tech	145.9	13	4.61	197.5	31	9.128	17.24	0.032	0.046	34	1	306.8	28	48.4	36.5	293.2	29	17.923	0.061	34	63.9	38.466	0.064	534.5	39	30.605	0.057	30.8	32	3.945	0.128	85	129.7	5	4	4	7.9	0	0
D019	24.9	24.2	4/8/16	feces	3	Exp	Chronic 2-17-15 Female	AGTCGTGCACAT	CCGGACTACHVGGGTWTCTAAT	1	C3	48	Chronic (19 Day)	2-17-15 #3 Chronic (19 Day) Charles River CF-1 female Experimental	Experimental	female	2/17/15	"#1,2,3,4 in same cage"	Texas Tech	Texas Tech	26.7	7	0.376	307.6	63	20.965	27.1	0.014	0.068	35	2	345.5	30	58.1	39.8	254.5	30	22.204	0.087	32	29.4	51.291	0.085	526.1	48	42.157	0.08	44.5	40	4.589	0.103	120	136.6	10	10.6	0	0	0	0
D020	23.2	23.7	4/8/16	feces	4	Exp	Chronic 2-17-15 Female	ACCATAGCTCCG	CCGGACTACHVGGGTWTCTAAT	1	D3	49	Chronic (19 Day)	2-17-15 #4 Chronic (19 Day) Charles River CF-1 female Experimental	Experimental	female	2/17/15	"#1,2,3,4 in same cage"	Texas Tech	Texas Tech	8.1	1	0.296	482.2	30	16.801	19.221	0.036	0.035	39	5	435.5	32	61.7	17.8	164.5	32	11.483	0.07	6	19.3	38.018	0.063	554	24	33.444	0.06	31.3	18	2.27	0.073	79	130.8	0	0	1	1.4	0	0
D021	26	25.3	4/8/16	feces	9	Exp	Chronic 2-17-15 Female	GATGTTCGCTAG	CCGGACTACHVGGGTWTCTAAT	1	E3	50	Chronic (19 Day)	2-17-15 #9 Chronic (19 Day) Charles River CF-1 female Experimental	Experimental	female	2/17/15	"#9,10,11,12 in same cage"	Texas Tech	Texas Tech	51.7	6	1.505	271.3	42	14.123	19.606	0.029	0.052	32	1	599.5	1	599.5	0.4	0.4	1	0	0	0	0	35.785	0.06	570.4	20	32.477	0.057	16.9	13	1.457	0.086	85	99.5	6	4	12	117.1	1	0.8
D022	25.2	23.9	4/8/16	feces	10	Exp	Chronic 2-17-15 Female	GCTCGAAGATTC	CCGGACTACHVGGGTWTCTAAT	1	F3	51	Chronic (19 Day)	2-17-15 #10 Chronic (19 Day) Charles River CF-1 female Experimental	Experimental	female	2/17/15	"#9,10,11,12 in same cage"	Texas Tech	Texas Tech	68.3	13	1.7	258.4	33	14.714	21.297	0.025	0.057	32	0	276.4	37	31.3	10.7	323.6	38	28.414	0.088	27	40.4	51.414	0.086	519.3	47	42.328	0.082	51.3	35	4.622	0.09	100	119.6	5	8.2	4	5.9	1	0.5
D023	21.5	22.2	4/8/16	feces	11	Exp	Chronic 2-17-15 Female	TAGGCATGCTTG	CCGGACTACHVGGGTWTCTAAT	1	G3	52	Chronic (19 Day)	2-17-15 #11 Chronic (19 Day) Charles River CF-1 female Experimental	Experimental	female	2/17/15	"#9,10,11,12 in same cage"	Texas Tech	Texas Tech	73.9	12	1.719	220.4	36	13.565	19.273	0.023	0.062	12	0	331.1	44	47.7	0	268.9	44	19.086	0.071	23	29	33.786	0.056	477.4	37	26.454	0.055	86.7	33	4.231	0.049	65	77.2	7	6.6	1	7.9	2	22.2
D024	26.9	25.8	4/8/16	feces	12	Exp	Chronic 2-17-15 Female	GTTGTTCTGGGA	CCGGACTACHVGGGTWTCTAAT	1	H3	53	Chronic (19 Day)	2-17-15 #12 Chronic (19 Day) Charles River CF-1 female Experimental	Experimental	female	2/17/15	"#9,10,11,12 in same cage"	Texas Tech	Texas Tech	168.2	16	4.815	200.9	33	14.293	23.079	0.029	0.071	17	0	419.7	23	90.9	5.7	180.3	23	14.191	0.079	21	27.6	48.174	0.08	529.5	40	39.891	0.075	40.8	34	4.497	0.11	108	161.7	4	10.7	3	28.5	0	0
D025	23.3	24.2	4/8/16	feces	5	Ctrl	Chronic 2-17-15 Female	ATCACCAGGTGT	CCGGACTACHVGGGTWTCTAAT	1	A4	54	Chronic (19 Day)	2-17-15 #5 Chronic (19 Day) Charles River CF-1 female Control	Control	female	2/17/15	"#5,6,7,8 in same cage"	Texas Tech	Texas Tech	66	10	1.126	263.5	33	15.128	19.883	0.017	0.057	19	1	311.1	34	38.3	4.8	288.9	34	17.92	0.062	32	56.5	39.555	0.066	562	36	34.464	0.061	16.8	18	2.276	0.136	85	157.9	2	7.5	2	6	0	0
D026	24	24	4/8/16	feces	6	Ctrl	Chronic 2-17-15 Female	GAATACCAAGTC	CCGGACTACHVGGGTWTCTAAT	1	B4	55	Chronic (19 Day)	2-17-15 #6 Chronic (19 Day) Charles River CF-1 female Control	Control	female	2/17/15	"#5,6,7,8 in same cage"	Texas Tech	Texas Tech	59.8	10	1.872	290.9	34	14.05	19.047	0.031	0.048	20	3	354.2	40	41.4	4.2	245.8	41	10.888	0.044	16	20.2	40.081	0.067	516.1	43	32.675	0.063	39.7	32	3.889	0.098	82	126.4	3	9.6	1	1.9	0	0
D027	25	25.5	4/8/16	feces	7	Ctrl	Chronic 2-17-15 Female	GTATCTGCGCGT	CCGGACTACHVGGGTWTCTAAT	1	C4	56	Chronic (19 Day)	2-17-15 #7 Chronic (19 Day) Charles River CF-1 female Control	Control	female	2/17/15	"#5,6,7,8 in same cage"	Texas Tech	Texas Tech	5.2	3	0.071	346.4	26	13.943	16.403	0.014	0.04	32	2	466.1	28	80.2	11	133.8	28	7.117	0.053	3	4.6	31.481	0.052	570.6	18	28.643	0.05	14.2	11	1.13	0.08	70	121.1	0	0	4	23.1	0	0
D028	24.5	25.4	4/8/16	feces	8	Ctrl	Chronic 2-17-15 Female	TCGACATCTCTT	CCGGACTACHVGGGTWTCTAAT	1	D4	57	Chronic (19 Day)	2-17-15 #8 Chronic (19 Day) Charles River CF-1 female Control	Control	female	2/17/15	"#5,6,7,8 in same cage"	Texas Tech	Texas Tech	83.2	11	2.951	336.9	26	13.671	19.729	0.035	0.041	37	4	492.5	14	276.7	19.8	107.5	15	6.165	0.057	7	10.5	35.084	0.058	565.1	27	30.058	0.053	18.2	19	2.291	0.126	70	110.9	3	1.5	4	28.2	0	0
D029	24	25	4/8/16	feces	13	Ctrl	Chronic 2-17-15 Female	CTATCTCCTGTC	CCGGACTACHVGGGTWTCTAAT	1	E4	58	Chronic (19 Day)	2-17-15 #13 Chronic (19 Day) Charles River CF-1 female Control	Control	female	2/17/15	"#13,14,15,16 in same cage"	Texas Tech	Texas Tech	6.8	1	0.098	529.4	11	4.57	5.614	0.014	0.009	9	0	551.5	7	254.3	0	48.5	6	0.283	0.006	0	0	24.573	0.041	570.8	15	21.366	0.037	14.9	16	1.642	0.111	39	54.8	2	2.5	4	21.5	0	0
D030	23.5	25.3	4/8/16	feces	14	Ctrl	Chronic 2-17-15 Female	AGGCTTACGTGT	CCGGACTACHVGGGTWTCTAAT	1	F4	59	Chronic (19 Day)	2-17-15 #14 Chronic (19 Day) Charles River CF-1 female Control	Control	female	2/17/15	"#13,14,15,16 in same cage"	Texas Tech	Texas Tech	48.8	7	1.221	257.2	42	12.186	17.264	0.025	0.047	17	0	448.3	27	66.7	13.8	151.7	28	5.665	0.037	5	3.5	23.441	0.039	552.1	18	20.114	0.036	27.1	13	1.867	0.069	34	49.5	4	2.4	4	13.3	0	0
D031	24.2	27.1	4/8/16	feces	15	Ctrl	Chronic 2-17-15 Female	AACTAGTTCAGG	CCGGACTACHVGGGTWTCTAAT	1	G4	60	Chronic (19 Day)	2-17-15 #15 Chronic (19 Day) Charles River CF-1 female Control	Control	female	2/17/15	"#13,14,15,16 in same cage"	Texas Tech	Texas Tech	67.2	15	2.16	273.5	43	12.842	18.713	0.032	0.047	26	0	480.6	24	160.9	15.7	119.4	24	6.612	0.055	9	7.4	42.986	0.072	577.1	22	39.064	0.068	10	16	1.926	0.193	119	162.8	1	2.3	0	0	0	0
D032	25	25.4	4/8/16	feces	16	Ctrl	Chronic 2-17-15 Female	GGACTTCCAGCT	CCGGACTACHVGGGTWTCTAAT	1	H4	61	Chronic (19 Day)	2-17-15 #16 Chronic (19 Day) Charles River CF-1 female Control	Control	female	2/17/15	"#13,14,15,16 in same cage"	Texas Tech	Texas Tech	38.6	5	0.907	338.7	50	19.641	25.762	0.024	0.058	36	1	350.6	41	43.4	3.4	249.4	41	15.465	0.062	18	12.5	30.97	0.052	561.4	20	27.26	0.049	21	15	1.872	0.089	87	132.5	3	7.1	0	0	0	0
D033	30.5	30.1	5/6/16	duo	1	Exp	12/19/2014 Male	TGGTCAACGATA	CCGGACTACHVGGGTWTCTAAT	1	A5	19	Chronic (19 Day)	11-30-14 #1 Chronic (19 Day) Charles River CF-1 male Experimental	Experimental	male	11/30/14	"#1,2,3,4 in same cage"	Texas Tech	Texas Tech	196.4	27	8.816	234.1	29	15.463	29.571	0.045	0.066	28	1	339.9	25	84.2	25.9	149.1	25	10.998	0.074	12	11.5	52.17	0.087	553.6	42	46.015	0.083	46.4	43	6.155	0.133	106	117.8	7	12.4	3	10.7	0	0
D034	30.5	30.1	5/6/16	jej	1	Exp	12/19/2014 Male	GTAGATCGTGTA	CCGGACTACHVGGGTWTCTAAT	1	B5	19	Chronic (19 Day)	11-30-14 #1 Chronic (19 Day) Charles River CF-1 male Experimental	Experimental	male	11/30/14	"#1,2,3,4 in same cage"	Texas Tech	Texas Tech	196.4	27	8.816	234.1	29	15.463	29.571	0.045	0.066	28	1	339.9	25	84.2	25.9	149.1	25	10.998	0.074	12	11.5	52.17	0.087	553.6	42	46.015	0.083	46.4	43	6.155	0.133	106	117.8	7	12.4	3	10.7	0	0
D035	30.5	30.1	5/6/16	ileum	1	Exp	12/19/2014 Male	CGAGGGAAAGTC	CCGGACTACHVGGGTWTCTAAT	1	C5	19	Chronic (19 Day)	11-30-14 #1 Chronic (19 Day) Charles River CF-1 male Experimental	Experimental	male	11/30/14	"#1,2,3,4 in same cage"	Texas Tech	Texas Tech	196.4	27	8.816	234.1	29	15.463	29.571	0.045	0.066	28	1	339.9	25	84.2	25.9	149.1	25	10.998	0.074	12	11.5	52.17	0.087	553.6	42	46.015	0.083	46.4	43	6.155	0.133	106	117.8	7	12.4	3	10.7	0	0
D036	32.4	33.9	5/6/16	duo	4	Exp	12/19/2014 Male	GAACACTTTGGA	CCGGACTACHVGGGTWTCTAAT	1	D5	22	Chronic (19 Day)	11-30-14 #4 Chronic (19 Day) Charles River CF-1 male Experimental	Experimental	male	11/30/14	"#1,2,3,4 in same cage"	Texas Tech	Texas Tech	103.1	10	3.596	319.1	34	17.005	24.388	0.035	0.053	41	4	429.3	19	40.5	0	247.5	19	12.134	0.049	27	34.9	29.257	0.049	591.4	16	27.748	0.047	8.6	15	1.509	0.176	86	128.5	0	0.9	3	5.8	1	1.1
D037	33.5	33.8	5/17/16	ileum	8	Ctrl	12/19/2014 Male	ACTCACAGGAAT	CCGGACTACHVGGGTWTCTAAT	1	E5	14	Chronic (19 Day)	11-30-14 #8 Chronic (19 Day) Charles River CF-1 male Control	Control	male	11/30/14	"#5,6,7,8 in same cage"	Texas Tech	Texas Tech	25.9	2	0.73	297.7	26	11.405	14.787	0.028	0.038	23	1	427	13	141	61.9	181.3	14	8.164	0.045	16	11.6	18.577	0.031	566.6	19	16.403	0.029	33.4	18	2.174	0.065	45	57	4	5.6	2	8.2	0	0
D038	33.5	33.8	5/17/16	jej	8	Ctrl	12/19/2014 Male	TCTCTACCACTC	CCGGACTACHVGGGTWTCTAAT	1	F5	14	Chronic (19 Day)	11-30-14 #8 Chronic (19 Day) Charles River CF-1 male Control	Control	male	11/30/14	"#5,6,7,8 in same cage"	Texas Tech	Texas Tech	25.9	2	0.73	297.7	26	11.405	14.787	0.028	0.038	23	1	427	13	141	61.9	181.3	14	8.164	0.045	16	11.6	18.577	0.031	566.6	19	16.403	0.029	33.4	18	2.174	0.065	45	57	4	5.6	2	8.2	0	0
D039	33.5	33.8	5/17/16	duo	8	Ctrl	12/19/2014 Male	ATTCTGCCGAAG	CCGGACTACHVGGGTWTCTAAT	1	G5	14	Chronic (19 Day)	11-30-14 #8 Chronic (19 Day) Charles River CF-1 male Control	Control	male	11/30/14	"#5,6,7,8 in same cage"	Texas Tech	Texas Tech	25.9	2	0.73	297.7	26	11.405	14.787	0.028	0.038	23	1	427	13	141	61.9	181.3	14	8.164	0.045	16	11.6	18.577	0.031	566.6	19	16.403	0.029	33.4	18	2.174	0.065	45	57	4	5.6	2	8.2	0	0
D040	31	32.6	5/17/16	ileum	14	Ctrl	12/19/2014 Male	CTCACAACCGTG	CCGGACTACHVGGGTWTCTAAT	1	H5	16	Chronic (19 Day)	11-30-14 #14 Chronic (19 Day) Charles River CF-1 male Control	Control	male	11/30/14	"#13,14,15,16 in same cage"	Texas Tech	Texas Tech	66.7	9	1.727	204.5	37	11.383	16.881	0.026	0.056	20	0	532	18	92	77.6	165.7	18	8.282	0.05	17	15.1	28.53	0.048	410.5	58	23.896	0.058	189.4	57	4.633	0.024	41	51	5	10.2	6	44.9	10	70.8
D041	31	32.6	5/17/16	jej	14	Ctrl	12/19/2014 Male	ATCGCACAGTAA	CCGGACTACHVGGGTWTCTAAT	1	A6	16	Chronic (19 Day)	11-30-14 #14 Chronic (19 Day) Charles River CF-1 male Control	Control	male	11/30/14	"#13,14,15,16 in same cage"	Texas Tech	Texas Tech	66.7	9	1.727	204.5	37	11.383	16.881	0.026	0.056	20	0	532	18	92	77.6	165.7	18	8.282	0.05	17	15.1	28.53	0.048	410.5	58	23.896	0.058	189.4	57	4.633	0.024	41	51	5	10.2	6	44.9	10	70.8
D042	31	32.6	5/17/16	duo	14	Ctrl	12/19/2014 Male	TAACGTGTGTGC	CCGGACTACHVGGGTWTCTAAT	1	B6	16	Chronic (19 Day)	11-30-14 #14 Chronic (19 Day) Charles River CF-1 male Control	Control	male	11/30/14	"#13,14,15,16 in same cage"	Texas Tech	Texas Tech	66.7	9	1.727	204.5	37	11.383	16.881	0.026	0.056	20	0	532	18	92	77.6	165.7	18	8.282	0.05	17	15.1	28.53	0.048	410.5	58	23.896	0.058	189.4	57	4.633	0.024	41	51	5	10.2	6	44.9	10	70.8
D043	32.4	33.9	5/17/16	jej	4	Ctrl	12/19/2014 Male	CAAATTCGGGAT	CCGGACTACHVGGGTWTCTAAT	1	C6	22	Chronic (19 Day)	11-30-14 #4 Chronic (19 Day) Charles River CF-1 male Experimental	Experimental	male	11/30/14	"#1,2,3,4 in same cage"	Texas Tech	Texas Tech	103.1	10	3.596	319.1	34	17.005	24.388	0.035	0.053	41	4	429.3	19	40.5	0	247.5	19	12.134	0.049	27	34.9	29.257	0.049	591.4	16	27.748	0.047	8.6	15	1.509	0.176	86	128.5	0	0.9	3	5.8	1	1.1
D044	32.4	33.9	5/17/16	ileum	4	Ctrl	12/19/2014 Male	GAGCCATCTGTA	CCGGACTACHVGGGTWTCTAAT	1	D6	22	Chronic (19 Day)	11-30-14 #4 Chronic (19 Day) Charles River CF-1 male Experimental	Experimental	male	11/30/14	"#1,2,3,4 in same cage"	Texas Tech	Texas Tech	103.1	10	3.596	319.1	34	17.005	24.388	0.035	0.053	41	4	429.3	19	40.5	0	247.5	19	12.134	0.049	27	34.9	29.257	0.049	591.4	16	27.748	0.047	8.6	15	1.509	0.176	86	128.5	0	0.9	3	5.8	1	1.1
D045	30.1	32	5/20/16	duo	5	Ctrl	12/19/2014 Male	ATGATGAGCCTC	CCGGACTACHVGGGTWTCTAAT	1	E6	11	Chronic (19 Day)	11-30-14 #5 Chronic (19 Day) Charles River CF-1 male Control	Control	male	11/30/14	"#5,6,7,8 in same cage"	Texas Tech	Texas Tech	33.4	7	3.981	304.3	39	9.862001	16.153	0.119	0.032	13	3	580.8	19	59.6	33.5	166	19	8.796	0.053	6	4.7	44.514	0.074	552.6	31	40.329	0.073	47.4	30	4.185	0.088	58	70.9	5	5.7	3	10	0	0
D046	30.1	32	5/20/16	jej	5	Ctrl	12/19/2014 Male	ACTTCCAACTTC	CCGGACTACHVGGGTWTCTAAT	1	F6	11	Chronic (19 Day)	11-30-14 #5 Chronic (19 Day) Charles River CF-1 male Control	Control	male	11/30/14	"#5,6,7,8 in same cage"	Texas Tech	Texas Tech	33.4	7	3.981	304.3	39	9.862001	16.153	0.119	0.032	13	3	580.8	19	59.6	33.5	166	19	8.796	0.053	6	4.7	44.514	0.074	552.6	31	40.329	0.073	47.4	30	4.185	0.088	58	70.9	5	5.7	3	10	0	0
D047	30.1	32	5/20/16	ileum	5	Ctrl	12/19/2014 Male	AGCATGTCCCGT	CCGGACTACHVGGGTWTCTAAT	1	G6	11	Chronic (19 Day)	11-30-14 #5 Chronic (19 Day) Charles River CF-1 male Control	Control	male	11/30/14	"#5,6,7,8 in same cage"	Texas Tech	Texas Tech	33.4	7	3.981	304.3	39	9.862001	16.153	0.119	0.032	13	3	580.8	19	59.6	33.5	166	19	8.796	0.053	6	4.7	44.514	0.074	552.6	31	40.329	0.073	47.4	30	4.185	0.088	58	70.9	5	5.7	3	10	0	0
D048	32.7	34	5/20/16	duo	6	Ctrl	12/19/2014 Male	CTGCTATTCCTC	CCGGACTACHVGGGTWTCTAAT	1	H6	12	Chronic (19 Day)	11-30-14 #6 Chronic (19 Day) Charles River CF-1 male Control	Control	male	11/30/14	"#5,6,7,8 in same cage"	Texas Tech	Texas Tech	8.9	2	0.058	443.8	43	15.64	17.655	0.007	0.035	33	2	407.4	6	197.9	2.8	22.4	6	0.877	0.039	0	0	23.175	0.039	584.3	5	22.05	0.038	15.6	5	1.125	0.072	42	40.2	0	0	5	11.5	0	0
D049	32.7	34	5/20/16	jej	6	Ctrl	12/19/2014 Male	GTCGTGTAGCCT	CCGGACTACHVGGGTWTCTAAT	1	A7	12	Chronic (19 Day)	11-30-14 #6 Chronic (19 Day) Charles River CF-1 male Control	Control	male	11/30/14	"#5,6,7,8 in same cage"	Texas Tech	Texas Tech	8.9	2	0.058	443.8	43	15.64	17.655	0.007	0.035	33	2	407.4	6	197.9	2.8	22.4	6	0.877	0.039	0	0	23.175	0.039	584.3	5	22.05	0.038	15.6	5	1.125	0.072	42	40.2	0	0	5	11.5	0	0
D050	32.7	34	5/20/16	ileum	6	Ctrl	12/19/2014 Male	CATTATGGCGTG	CCGGACTACHVGGGTWTCTAAT	1	B7	12	Chronic (19 Day)	11-30-14 #6 Chronic (19 Day) Charles River CF-1 male Control	Control	male	11/30/14	"#5,6,7,8 in same cage"	Texas Tech	Texas Tech	8.9	2	0.058	443.8	43	15.64	17.655	0.007	0.035	33	2	407.4	6	197.9	2.8	22.4	6	0.877	0.039	0	0	23.175	0.039	584.3	5	22.05	0.038	15.6	5	1.125	0.072	42	40.2	0	0	5	11.5	0	0
D051	31.2	32.9	5/20/16	duo	7	Ctrl	12/19/2014 Male	AGATTGACCAAC	CCGGACTACHVGGGTWTCTAAT	1	C7	13	Chronic (19 Day)	11-30-14 #7 Chronic (19 Day) Charles River CF-1 male Control	Control	male	11/30/14	"#5,6,7,8 in same cage"	Texas Tech	Texas Tech	0	0	0	471.3	27	15.686	16.8	0	0.033	41	4	428.6	4	430	4	33.4	4	1.697	0.051	3	2.8	53.908	0.09	548.3	45	47.484	0.087	51.7	44	6.424	0.124	97	112.8	8	12.6	2	12.4	0	0
D052	31.2	32.9	5/20/16	jej	7	Ctrl	12/19/2014 Male	TTGGGTACACGT	CCGGACTACHVGGGTWTCTAAT	1	D7	13	Chronic (19 Day)	11-30-14 #7 Chronic (19 Day) Charles River CF-1 male Control	Control	male	11/30/14	"#5,6,7,8 in same cage"	Texas Tech	Texas Tech	0	0	0	471.3	27	15.686	16.8	0	0.033	41	4	428.6	4	430	4	33.4	4	1.697	0.051	3	2.8	53.908	0.09	548.3	45	47.484	0.087	51.7	44	6.424	0.124	97	112.8	8	12.6	2	12.4	0	0
D053	31.2	32.9	5/24/16	ileum	7	Ctrl	12/19/2014 Male	GTCGACAGAGGA	CCGGACTACHVGGGTWTCTAAT	1	E7	13	Chronic (19 Day)	11-30-14 #7 Chronic (19 Day) Charles River CF-1 male Control	Control	male	11/30/14	"#5,6,7,8 in same cage"	Texas Tech	Texas Tech	0	0	0	471.3	27	15.686	16.8	0	0.033	41	4	428.6	4	430	4	33.4	4	1.697	0.051	3	2.8	53.908	0.09	548.3	45	47.484	0.087	51.7	44	6.424	0.124	97	112.8	8	12.6	2	12.4	0	0
D054	30	30.5	5/24/16	duo	13	Ctrl	12/19/2014 Male	CTCACCTAGGAA	CCGGACTACHVGGGTWTCTAAT	1	F7	15	Chronic (19 Day)	11-30-14 #13 Chronic (19 Day) Charles River CF-1 male Control	Control	male	11/30/14	"#13,14,15,16 in same cage"	Texas Tech	Texas Tech	90.9	6	2.141	258	25	9.745	14.636	0.024	0.038	17	3	404.7	13	158.4	3.3	120	13	4.376	0.036	5	5.6	21.972	0.037	500.9	23	18.633	0.037	99.1	22	3.34	0.034	41	69.1	2	1.1	1	4.2	0	0
D055	30	30.5	5/24/16	jej	13	Ctrl	12/19/2014 Male	GTACGATATGAC	CCGGACTACHVGGGTWTCTAAT	1	G7	15	Chronic (19 Day)	11-30-14 #13 Chronic (19 Day) Charles River CF-1 male Control	Control	male	11/30/14	"#13,14,15,16 in same cage"	Texas Tech	Texas Tech	90.9	6	2.141	258	25	9.745	14.636	0.024	0.038	17	3	404.7	13	158.4	3.3	120	13	4.376	0.036	5	5.6	21.972	0.037	500.9	23	18.633	0.037	99.1	22	3.34	0.034	41	69.1	2	1.1	1	4.2	0	0
D056	30	30.5	5/24/16	ileum	13	Ctrl	12/19/2014 Male	ATGTCACCGCTG	CCGGACTACHVGGGTWTCTAAT	1	H7	15	Chronic (19 Day)	11-30-14 #13 Chronic (19 Day) Charles River CF-1 male Control	Control	male	11/30/14	"#13,14,15,16 in same cage"	Texas Tech	Texas Tech	90.9	6	2.141	258	25	9.745	14.636	0.024	0.038	17	3	404.7	13	158.4	3.3	120	13	4.376	0.036	5	5.6	21.972	0.037	500.9	23	18.633	0.037	99.1	22	3.34	0.034	41	69.1	2	1.1	1	4.2	0	0
D057	32.5	35	5/24/16	duo	15	Ctrl	12/19/2014 Male	AGCGGAGGTTAG	CCGGACTACHVGGGTWTCTAAT	1	A8	17	Chronic (19 Day)	11-30-14 #15 Chronic (19 Day) Charles River CF-1 male Control	Control	male	11/30/14	"#13,14,15,16 in same cage"	Texas Tech	Texas Tech	0	0	0	287.3	52	15.236	19.343	0	0.053	28	2	528.9	27	33.6	13	197.2	27	8.932	0.045	3	1.7	25.836	0.043	534.5	30	21.539	0.04	65.5	30	4.297	0.066	42	34.2	5	4.7	4	25.9	0	0
D058	32.5	35	5/24/16	jej	15	Ctrl	12/19/2014 Male	CCAATACGCCTG	CCGGACTACHVGGGTWTCTAAT	1	B8	17	Chronic (19 Day)	11-30-14 #15 Chronic (19 Day) Charles River CF-1 male Control	Control	male	11/30/14	"#13,14,15,16 in same cage"	Texas Tech	Texas Tech	0	0	0	287.3	52	15.236	19.343	0	0.053	28	2	528.9	27	33.6	13	197.2	27	8.932	0.045	3	1.7	25.836	0.043	534.5	30	21.539	0.04	65.5	30	4.297	0.066	42	34.2	5	4.7	4	25.9	0	0
D059	32.5	35	6/2/16	ileum	15	Ctrl	12/19/2014 Male	AGTTACGAGCTA	CCGGACTACHVGGGTWTCTAAT	1	C8	17	Chronic (19 Day)	11-30-14 #15 Chronic (19 Day) Charles River CF-1 male Control	Control	male	11/30/14	"#13,14,15,16 in same cage"	Texas Tech	Texas Tech	0	0	0	287.3	52	15.236	19.343	0	0.053	28	2	528.9	27	33.6	13	197.2	27	8.932	0.045	3	1.7	25.836	0.043	534.5	30	21.539	0.04	65.5	30	4.297	0.066	42	34.2	5	4.7	4	25.9	0	0
D060	33.8	35.7	6/2/16	duo	16	Ctrl	12/19/2014 Male	AAGGCGCTCCTT	CCGGACTACHVGGGTWTCTAAT	1	D8	18	Chronic (19 Day)	11-30-14 #16 Chronic (19 Day) Charles River CF-1 male Control	Control	male	11/30/14	"#13,14,15,16 in same cage"	Texas Tech	Texas Tech	25.5	1	0.274	398.2	29	11.335	14.277	0.011	0.028	21	3	497.5	4	276	34.7	39	4	2.236	0.057	3	2.7	32.683	0.054	568.2	24	29.275	0.052	31.7	23	3.408	0.107	65	81.2	4	4.4	2	4.9	1	0.1
D061	33.8	35.7	6/2/16	jej	16	Ctrl	12/19/2014 Male	GGCATTAGTTGA	CCGGACTACHVGGGTWTCTAAT	8	E2	18	Chronic (19 Day)	11-30-14 #16 Chronic (19 Day) Charles River CF-1 male Control	Control	male	11/30/14	"#13,14,15,16 in same cage"	Texas Tech	Texas Tech	25.5	1	0.274	398.2	29	11.335	14.277	0.011	0.028	21	3	497.5	4	276	34.7	39	4	2.236	0.057	3	2.7	32.683	0.054	568.2	24	29.275	0.052	31.7	23	3.408	0.107	65	81.2	4	4.4	2	4.9	1	0.1
D062	33.8	35.7	6/2/16	ileum	16	Ctrl	12/19/2014 Male	TGAAAGCGGCGA	CCGGACTACHVGGGTWTCTAAT	8	E4	18	Chronic (19 Day)	11-30-14 #16 Chronic (19 Day) Charles River CF-1 male Control	Control	male	11/30/14	"#13,14,15,16 in same cage"	Texas Tech	Texas Tech	25.5	1	0.274	398.2	29	11.335	14.277	0.011	0.028	21	3	497.5	4	276	34.7	39	4	2.236	0.057	3	2.7	32.683	0.054	568.2	24	29.275	0.052	31.7	23	3.408	0.107	65	81.2	4	4.4	2	4.9	1	0.1
D063	31.9	34.2	6/2/16	duo	2	Exp	12/19/2014 Male	ACATCAGGTCAC	CCGGACTACHVGGGTWTCTAAT	8	E6	20	Chronic (19 Day)	11-30-14 #2 Chronic (19 Day) Charles River CF-1 male Experimental	Experimental	male	11/30/14	"#1,2,3,4 in same cage"	Texas Tech	Texas Tech	7	6	0.087	298.6	42	17.174	21.934	0.012	0.058	12	1	336.4	30	31	70	278.4	30	18.361	0.066	16	14.5	40.691	0.068	553.7	26	37.886	0.068	46.3	25	2.805	0.061	85	99.2	9	9.2	6	15.6	0	0
D064	31.9	34.2	6/2/16	jej	2	Exp	12/19/2014 Male	GTTGATACGATG	CCGGACTACHVGGGTWTCTAAT	8	E7	20	Chronic (19 Day)	11-30-14 #2 Chronic (19 Day) Charles River CF-1 male Experimental	Experimental	male	11/30/14	"#1,2,3,4 in same cage"	Texas Tech	Texas Tech	7	6	0.087	298.6	42	17.174	21.934	0.012	0.058	12	1	336.4	30	31	70	278.4	30	18.361	0.066	16	14.5	40.691	0.068	553.7	26	37.886	0.068	46.3	25	2.805	0.061	85	99.2	9	9.2	6	15.6	0	0
D065	31.9	34.2	6/2/16	ileum	2	Exp	12/19/2014 Male	ATCCTTTGGTTC	CCGGACTACHVGGGTWTCTAAT	1	A9	20	Chronic (19 Day)	11-30-14 #2 Chronic (19 Day) Charles River CF-1 male Experimental	Experimental	male	11/30/14	"#1,2,3,4 in same cage"	Texas Tech	Texas Tech	7	6	0.087	298.6	42	17.174	21.934	0.012	0.058	12	1	336.4	30	31	70	278.4	30	18.361	0.066	16	14.5	40.691	0.068	553.7	26	37.886	0.068	46.3	25	2.805	0.061	85	99.2	9	9.2	6	15.6	0	0
D066	28.6	31.3	6/2/16	duo	3	Exp	12/19/2014 Male	GATCTGCGATCC	CCGGACTACHVGGGTWTCTAAT	1	B9	21	Chronic (19 Day)	11-30-14 #3 Chronic (19 Day) Charles River CF-1 male Experimental	Experimental	male	11/30/14	"#1,2,3,4 in same cage"	Texas Tech	Texas Tech	18.6	1	0.158	370.3	38	13.279	16.204	0.008	0.036	52	1	296.3	13	119.9	27.3	207.7	13	6.796	0.033	19	19.2	23.33	0.039	579.8	10	22.055	0.038	20.2	10	1.275	0.063	68	89.8	2	1.5	2	10.5	0	0
D067	28.6	31.3	6/6/16	jej	3	Exp	12/19/2014 Male	GCATATGCACTG	CCGGACTACHVGGGTWTCTAAT	1	C9	21	Chronic (19 Day)	11-30-14 #3 Chronic (19 Day) Charles River CF-1 male Experimental	Experimental	male	11/30/14	"#1,2,3,4 in same cage"	Texas Tech	Texas Tech	18.6	1	0.158	370.3	38	13.279	16.204	0.008	0.036	52	1	296.3	13	119.9	27.3	207.7	13	6.796	0.033	19	19.2	23.33	0.039	579.8	10	22.055	0.038	20.2	10	1.275	0.063	68	89.8	2	1.5	2	10.5	0	0
D068	28.6	31.3	6/6/16	ileum	3	Exp	12/19/2014 Male	TAATACGGATCG	CCGGACTACHVGGGTWTCTAAT	1	D9	21	Chronic (19 Day)	11-30-14 #3 Chronic (19 Day) Charles River CF-1 male Experimental	Experimental	male	11/30/14	"#1,2,3,4 in same cage"	Texas Tech	Texas Tech	18.6	1	0.158	370.3	38	13.279	16.204	0.008	0.036	52	1	296.3	13	119.9	27.3	207.7	13	6.796	0.033	19	19.2	23.33	0.039	579.8	10	22.055	0.038	20.2	10	1.275	0.063	68	89.8	2	1.5	2	10.5	0	0
D069	33.8	37.2	6/6/16	duo	9	Exp	12/19/2014 Male	CATCCCTCTACT	CCGGACTACHVGGGTWTCTAAT	1	E9	23	Chronic (19 Day)	11-30-14 #9 Chronic (19 Day) Charles River CF-1 male Experimental	Experimental	male	11/30/14	"#9,10,11,12 in same cage"	Texas Tech	Texas Tech	148.4	20	5.986	200.1	43	16.432	28.687	0.04	0.082	15	1	372.2	22	76.2	20.4	148.1	23	11.961	0.081	8	7.3	28.427	0.047	584	14	26.829	0.046	16	13	1.599	0.1	59	86.2	2	2.9	10	41	0	0
D070	33.8	37.2	6/6/16	jej	9	Exp	12/19/2014 Male	CCACAGATCGAT	CCGGACTACHVGGGTWTCTAAT	1	F9	23	Chronic (19 Day)	11-30-14 #9 Chronic (19 Day) Charles River CF-1 male Experimental	Experimental	male	11/30/14	"#9,10,11,12 in same cage"	Texas Tech	Texas Tech	148.4	20	5.986	200.1	43	16.432	28.687	0.04	0.082	15	1	372.2	22	76.2	20.4	148.1	23	11.961	0.081	8	7.3	28.427	0.047	584	14	26.829	0.046	16	13	1.599	0.1	59	86.2	2	2.9	10	41	0	0
D071	33.8	37.2	6/6/16	ileum	9	Exp	12/19/2014 Male	TAGTATGCGCAA	CCGGACTACHVGGGTWTCTAAT	1	G9	23	Chronic (19 Day)	11-30-14 #9 Chronic (19 Day) Charles River CF-1 male Experimental	Experimental	male	11/30/14	"#9,10,11,12 in same cage"	Texas Tech	Texas Tech	148.4	20	5.986	200.1	43	16.432	28.687	0.04	0.082	15	1	372.2	22	76.2	20.4	148.1	23	11.961	0.081	8	7.3	28.427	0.047	584	14	26.829	0.046	16	13	1.599	0.1	59	86.2	2	2.9	10	41	0	0
D072	32	33.3	6/6/16	duo	10	Exp	12/19/2014 Male	AGCAGAACATCT	CCGGACTACHVGGGTWTCTAAT	1	H9	24	Chronic (19 Day)	11-30-14 #10 Chronic (19 Day) Charles River CF-1 male Experimental	Experimental	male	11/30/14	"#9,10,11,12 in same cage"	Texas Tech	Texas Tech	62.4	11	1.238	308.1	51	20	26.986	0.02	0.065	26	4	510.3	24	74.5	16.8	199.6	24	14.981	0.075	15	15	50.349	0.084	576	39	45.549	0.079	24	38	4.8	0.2	95	139.5	2	6.3	3	15.4	0	0
D073	32	33.3	6/6/16	jej	10	Exp	12/19/2014 Male	TACAGCGCATAC	CCGGACTACHVGGGTWTCTAAT	1	A10	24	Chronic (19 Day)	11-30-14 #10 Chronic (19 Day) Charles River CF-1 male Experimental	Experimental	male	11/30/14	"#9,10,11,12 in same cage"	Texas Tech	Texas Tech	62.4	11	1.238	308.1	51	20	26.986	0.02	0.065	26	4	510.3	24	74.5	16.8	199.6	24	14.981	0.075	15	15	50.349	0.084	576	39	45.549	0.079	24	38	4.8	0.2	95	139.5	2	6.3	3	15.4	0	0
D074	32	33.3	6/6/16	ileum	10	Exp	12/19/2014 Male	CAGCTCATCAGC	CCGGACTACHVGGGTWTCTAAT	1	B10	24	Chronic (19 Day)	11-30-14 #10 Chronic (19 Day) Charles River CF-1 male Experimental	Experimental	male	11/30/14	"#9,10,11,12 in same cage"	Texas Tech	Texas Tech	62.4	11	1.238	308.1	51	20	26.986	0.02	0.065	26	4	510.3	24	74.5	16.8	199.6	24	14.981	0.075	15	15	50.349	0.084	576	39	45.549	0.079	24	38	4.8	0.2	95	139.5	2	6.3	3	15.4	0	0
D075	31.4	34	6/6/16	duo	11	Exp	12/19/2014 Male	CAACTCCCGTGA	CCGGACTACHVGGGTWTCTAAT	1	C10	25	Chronic (19 Day)	11-30-14 #11 Chronic (19 Day) Charles River CF-1 male Experimental	Experimental	male	11/30/14	"#9,10,11,12 in same cage"	Texas Tech	Texas Tech	115.6	11	3.627	212.4	36	14.652	22.897	0.031	0.069	25	2	501.6	20	129.5	8.9	202.1	20	11.982	0.059	30	27.1	34.155	0.057	577.6	24	31.542	0.055	22.3	23	2.613	0.117	97	168.7	4	9.6	3	8.6	0	0
D076	31.4	34	6/6/16	jej	11	Exp	12/19/2014 Male	TCGGAATTAGAC	CCGGACTACHVGGGTWTCTAAT	1	D10	25	Chronic (19 Day)	11-30-14 #11 Chronic (19 Day) Charles River CF-1 male Experimental	Experimental	male	11/30/14	"#9,10,11,12 in same cage"	Texas Tech	Texas Tech	115.6	11	3.627	212.4	36	14.652	22.897	0.031	0.069	25	2	501.6	20	129.5	8.9	202.1	20	11.982	0.059	30	27.1	34.155	0.057	577.6	24	31.542	0.055	22.3	23	2.613	0.117	97	168.7	4	9.6	3	8.6	0	0
D077	31.4	34	6/6/16	ileum	11	Exp	12/19/2014 Male	TATACCGCTGCG	CCGGACTACHVGGGTWTCTAAT	1	E10	25	Chronic (19 Day)	11-30-14 #11 Chronic (19 Day) Charles River CF-1 male Experimental	Experimental	male	11/30/14	"#9,10,11,12 in same cage"	Texas Tech	Texas Tech	115.6	11	3.627	212.4	36	14.652	22.897	0.031	0.069	25	2	501.6	20	129.5	8.9	202.1	20	11.982	0.059	30	27.1	34.155	0.057	577.6	24	31.542	0.055	22.3	23	2.613	0.117	97	168.7	4	9.6	3	8.6	0	0
D078	27.5	32.2	6/6/16	duo	12	Exp	12/19/2014 Male	TATCGACACAAG	CCGGACTACHVGGGTWTCTAAT	1	F10	26	Chronic (19 Day)	11-30-14 #12 Chronic (19 Day) Charles River CF-1 male Experimental	Experimental	male	11/30/14	"#9,10,11,12 in same cage"	Texas Tech	Texas Tech	53.2	2	0.747	244	31	12.2	16.745	0.014	0.05	22	2	526	23	52.6	3.7	194	23	10.021	0.052	23	19.2	32.259	0.054	566.9	23	29.899	0.053	33.1	22	2.36	0.071	89	116.1	6	5.9	9	24.6	1	8.7
D079	27.5	32.2	6/6/16	jej	12	Exp	12/19/2014 Male	TGCGCTGAATGT	CCGGACTACHVGGGTWTCTAAT	1	G10	26	Chronic (19 Day)	11-30-14 #12 Chronic (19 Day) Charles River CF-1 male Experimental	Experimental	male	11/30/14	"#9,10,11,12 in same cage"	Texas Tech	Texas Tech	53.2	2	0.747	244	31	12.2	16.745	0.014	0.05	22	2	526	23	52.6	3.7	194	23	10.021	0.052	23	19.2	32.259	0.054	566.9	23	29.899	0.053	33.1	22	2.36	0.071	89	116.1	6	5.9	9	24.6	1	8.7
D080	27.5	32.2	6/6/16	ileum	12	Exp	12/19/2014 Male	TGGAGTAGGTGG	CCGGACTACHVGGGTWTCTAAT	1	H10	26	Chronic (19 Day)	11-30-14 #12 Chronic (19 Day) Charles River CF-1 male Experimental	Experimental	male	11/30/14	"#9,10,11,12 in same cage"	Texas Tech	Texas Tech	53.2	2	0.747	244	31	12.2	16.745	0.014	0.05	22	2	526	23	52.6	3.7	194	23	10.021	0.052	23	19.2	32.259	0.054	566.9	23	29.899	0.053	33.1	22	2.36	0.071	89	116.1	6	5.9	9	24.6	1	8.7
D081	30.5	30.1	6/15/16	Cecal Content	1	Exp	12/19/2014 Male	ACCGGTATGTAC	CCGGACTACHVGGGTWTCTAAT	1	A11	19	Chronic (19 Day)	11-30-14 #1 Chronic (19 Day) Charles River CF-1 male Experimental	Experimental	male	11/30/14	"#1,2,3,4 in same cage"	Texas Tech	Texas Tech	196.4	27	8.816	234.1	29	15.463	29.571	0.045	0.066	28	1	339.9	25	84.2	25.9	149.1	25	10.998	0.074	12	11.5	52.17	0.087	553.6	42	46.015	0.083	46.4	43	6.155	0.133	106	117.8	7	12.4	3	10.7	0	0
D082	31.9	34.2	6/15/16	Cecal Content	2	Exp	12/19/2014 Male	CAAACAACAGCT	CCGGACTACHVGGGTWTCTAAT	1	B11	20	Chronic (19 Day)	11-30-14 #2 Chronic (19 Day) Charles River CF-1 male Experimental	Experimental	male	11/30/14	"#1,2,3,4 in same cage"	Texas Tech	Texas Tech	7	6	0.087	298.6	42	17.174	21.934	0.012	0.058	12	1	336.4	30	31	70	278.4	30	18.361	0.066	16	14.5	40.691	0.068	553.7	26	37.886	0.068	46.3	25	2.805	0.061	85	99.2	9	9.2	6	15.6	0	0
D083	28.6	31.3	6/15/16	Cecal Content	3	Exp	12/19/2014 Male	TTGCGTTAGCAG	CCGGACTACHVGGGTWTCTAAT	1	C11	21	Chronic (19 Day)	11-30-14 #3 Chronic (19 Day) Charles River CF-1 male Experimental	Experimental	male	11/30/14	"#1,2,3,4 in same cage"	Texas Tech	Texas Tech	18.6	1	0.158	370.3	38	13.279	16.204	0.008	0.036	52	1	296.3	13	119.9	27.3	207.7	13	6.796	0.033	19	19.2	23.33	0.039	579.8	10	22.055	0.038	20.2	10	1.275	0.063	68	89.8	2	1.5	2	10.5	0	0
D084	32.4	33.9	6/15/16	Cecal Content	4	Exp	12/19/2014 Male	TGTGAATTCGGA	CCGGACTACHVGGGTWTCTAAT	1	D11	22	Chronic (19 Day)	11-30-14 #4 Chronic (19 Day) Charles River CF-1 male Experimental	Experimental	male	11/30/14	"#1,2,3,4 in same cage"	Texas Tech	Texas Tech	103.1	10	3.596	319.1	34	17.005	24.388	0.035	0.053	41	4	429.3	19	40.5	0	247.5	19	12.134	0.049	27	34.9	29.257	0.049	591.4	16	27.748	0.047	8.6	15	1.509	0.176	86	128.5	0	0.9	3	5.8	1	1.1
D085	33.8	37.2	6/15/16	Cecal Content	9	Exp	12/19/2014 Male	AGTTGAGGCATT	CCGGACTACHVGGGTWTCTAAT	1	E11	23	Chronic (19 Day)	11-30-14 #9 Chronic (19 Day) Charles River CF-1 male Experimental	Experimental	male	11/30/14	"#9,10,11,12 in same cage"	Texas Tech	Texas Tech	148.4	20	5.986	200.1	43	16.432	28.687	0.04	0.082	15	1	372.2	22	76.2	20.4	148.1	23	11.961	0.081	8	7.3	28.427	0.047	584	14	26.829	0.046	16	13	1.599	0.1	59	86.2	2	2.9	10	41	0	0
D086	32	33.3	6/15/16	Cecal Content	10	Exp	12/19/2014 Male	GATTCCGGCTCA	CCGGACTACHVGGGTWTCTAAT	1	F11	24	Chronic (19 Day)	11-30-14 #10 Chronic (19 Day) Charles River CF-1 male Experimental	Experimental	male	11/30/14	"#9,10,11,12 in same cage"	Texas Tech	Texas Tech	62.4	11	1.238	308.1	51	20	26.986	0.02	0.065	26	4	510.3	24	74.5	16.8	199.6	24	14.981	0.075	15	15	50.349	0.084	576	39	45.549	0.079	24	38	4.8	0.2	95	139.5	2	6.3	3	15.4	0	0
D087	31.4	34	6/15/16	Cecal Content	11	Exp	12/19/2014 Male	ATGGCTGTCAGT	CCGGACTACHVGGGTWTCTAAT	1	G11	25	Chronic (19 Day)	11-30-14 #11 Chronic (19 Day) Charles River CF-1 male Experimental	Experimental	male	11/30/14	"#9,10,11,12 in same cage"	Texas Tech	Texas Tech	115.6	11	3.627	212.4	36	14.652	22.897	0.031	0.069	25	2	501.6	20	129.5	8.9	202.1	20	11.982	0.059	30	27.1	34.155	0.057	577.6	24	31.542	0.055	22.3	23	2.613	0.117	97	168.7	4	9.6	3	8.6	0	0
D088	27.5	32.2	6/15/16	Cecal Content	12	Exp	12/19/2014 Male	TTGGCTCTATTC	CCGGACTACHVGGGTWTCTAAT	1	H11	26	Chronic (19 Day)	11-30-14 #12 Chronic (19 Day) Charles River CF-1 male Experimental	Experimental	male	11/30/14	"#9,10,11,12 in same cage"	Texas Tech	Texas Tech	53.2	2	0.747	244	31	12.2	16.745	0.014	0.05	22	2	526	23	52.6	3.7	194	23	10.021	0.052	23	19.2	32.259	0.054	566.9	23	29.899	0.053	33.1	22	2.36	0.071	89	116.1	6	5.9	9	24.6	1	8.7
D089	30.1	32	6/15/16	Cecal Content	5	Ctrl	12/19/2014 Male	AATTGTGTCGGA	CCGGACTACHVGGGTWTCTAAT	1	A12	11	Chronic (19 Day)	11-30-14 #5 Chronic (19 Day) Charles River CF-1 male Control	Control	male	11/30/14	"#5,6,7,8 in same cage"	Texas Tech	Texas Tech	33.4	7	3.981	304.3	39	9.862001	16.153	0.119	0.032	13	3	580.8	19	59.6	33.5	166	19	8.796	0.053	6	4.7	44.514	0.074	552.6	31	40.329	0.073	47.4	30	4.185	0.088	58	70.9	5	5.7	3	10	0	0
D090	32.7	34	6/15/16	Cecal Content	6	Ctrl	12/19/2014 Male	GCAACACCATCC	CCGGACTACHVGGGTWTCTAAT	1	B12	12	Chronic (19 Day)	11-30-14 #6 Chronic (19 Day) Charles River CF-1 male Control	Control	male	11/30/14	"#5,6,7,8 in same cage"	Texas Tech	Texas Tech	8.9	2	0.058	443.8	43	15.64	17.655	0.007	0.035	33	2	407.4	6	197.9	2.8	22.4	6	0.877	0.039	0	0	23.175	0.039	584.3	5	22.05	0.038	15.6	5	1.125	0.072	42	40.2	0	0	5	11.5	0	0
D091	31.2	32.9	6/15/16	Cecal Content	7	Ctrl	12/19/2014 Male	TACGAGCCCTAA	CCGGACTACHVGGGTWTCTAAT	1	C12	13	Chronic (19 Day)	11-30-14 #7 Chronic (19 Day) Charles River CF-1 male Control	Control	male	11/30/14	"#5,6,7,8 in same cage"	Texas Tech	Texas Tech	0	0	0	471.3	27	15.686	16.8	0	0.033	41	4	428.6	4	430	4	33.4	4	1.697	0.051	3	2.8	53.908	0.09	548.3	45	47.484	0.087	51.7	44	6.424	0.124	97	112.8	8	12.6	2	12.4	0	0
D092	33.5	33.8	6/15/16	Cecal Content	8	Ctrl	12/19/2014 Male	CATTCGTGGCGT	CCGGACTACHVGGGTWTCTAAT	1	D12	14	Chronic (19 Day)	11-30-14 #8 Chronic (19 Day) Charles River CF-1 male Control	Control	male	11/30/14	"#5,6,7,8 in same cage"	Texas Tech	Texas Tech	25.9	2	0.73	297.7	26	11.405	14.787	0.028	0.038	23	1	427	13	141	61.9	181.3	14	8.164	0.045	16	11.6	18.577	0.031	566.6	19	16.403	0.029	33.4	18	2.174	0.065	45	57	4	5.6	2	8.2	0	0
D093	30	30.5	6/15/16	Cecal Content	13	Ctrl	12/19/2014 Male	ACAATAGACACC	CCGGACTACHVGGGTWTCTAAT	1	E12	15	Chronic (19 Day)	11-30-14 #13 Chronic (19 Day) Charles River CF-1 male Control	Control	male	11/30/14	"#13,14,15,16 in same cage"	Texas Tech	Texas Tech	90.9	6	2.141	258	25	9.745	14.636	0.024	0.038	17	3	404.7	13	158.4	3.3	120	13	4.376	0.036	5	5.6	21.972	0.037	500.9	23	18.633	0.037	99.1	22	3.34	0.034	41	69.1	2	1.1	1	4.2	0	0
D094	31	32.6	6/15/16	Cecal Content	14	Ctrl	12/19/2014 Male	CGTAATTGCCGC	CCGGACTACHVGGGTWTCTAAT	1	F12	16	Chronic (19 Day)	11-30-14 #14 Chronic (19 Day) Charles River CF-1 male Control	Control	male	11/30/14	"#13,14,15,16 in same cage"	Texas Tech	Texas Tech	66.7	9	1.727	204.5	37	11.383	16.881	0.026	0.056	20	0	532	18	92	77.6	165.7	18	8.282	0.05	17	15.1	28.53	0.048	410.5	58	23.896	0.058	189.4	57	4.633	0.024	41	51	5	10.2	6	44.9	10	70.8
D095	32.5	35	6/15/16	Cecal Content	15	Ctrl	12/19/2014 Male	GTTCTCTTCTCG	CCGGACTACHVGGGTWTCTAAT	1	G12	17	Chronic (19 Day)	11-30-14 #15 Chronic (19 Day) Charles River CF-1 male Control	Control	male	11/30/14	"#13,14,15,16 in same cage"	Texas Tech	Texas Tech	0	0	0	287.3	52	15.236	19.343	0	0.053	28	2	528.9	27	33.6	13	197.2	27	8.932	0.045	3	1.7	25.836	0.043	534.5	30	21.539	0.04	65.5	30	4.297	0.066	42	34.2	5	4.7	4	25.9	0	0
D096	33.8	35.7	6/15/16	Cecal Content	16	Ctrl	12/19/2014 Male	GATCCCACGTAC	CCGGACTACHVGGGTWTCTAAT	1	H12	18	Chronic (19 Day)	11-30-14 #16 Chronic (19 Day) Charles River CF-1 male Control	Control	male	11/30/14	"#13,14,15,16 in same cage"	Texas Tech	Texas Tech	25.5	1	0.274	398.2	29	11.335	14.277	0.011	0.028	21	3	497.5	4	276	34.7	39	4	2.236	0.057	3	2.7	32.683	0.054	568.2	24	29.275	0.052	31.7	23	3.408	0.107	65	81.2	4	4.4	2	4.9	1	0.1
D097	23.3	24.2	7/5/16	Cecal Content	5	Ctrl	Chronic 2-17-15 Female	TACCGCTTCTTC	CCGGACTACHVGGGTWTCTAAT	2	A1	54	Chronic (19 Day)	2-17-15 #5 Chronic (19 Day) Charles River CF-1 female Control	Control	female	2/17/15	"#5,6,7,8 in same cage"	Texas Tech	Texas Tech	66	10	1.126	263.5	33	15.128	19.883	0.017	0.057	19	1	311.1	34	38.3	4.8	288.9	34	17.92	0.062	32	56.5	39.555	0.066	562	36	34.464	0.061	16.8	18	2.276	0.136	85	157.9	2	7.5	2	6	0	0
D098	24	24	7/5/16	Cecal Content	6	Ctrl	Chronic 2-17-15 Female	GCACACCTGATA	CCGGACTACHVGGGTWTCTAAT	2	B1	55	Chronic (19 Day)	2-17-15 #6 Chronic (19 Day) Charles River CF-1 female Control	Control	female	2/17/15	"#5,6,7,8 in same cage"	Texas Tech	Texas Tech	59.8	10	1.872	290.9	34	14.05	19.047	0.031	0.048	20	3	354.2	40	41.4	4.2	245.8	41	10.888	0.044	16	20.2	40.081	0.067	516.1	43	32.675	0.063	39.7	32	3.889	0.098	82	126.4	3	9.6	1	1.9	0	0
D099	25	25.5	7/5/16	Cecal Content	7	Ctrl	Chronic 2-17-15 Female	AGTAGCGGAAGA	CCGGACTACHVGGGTWTCTAAT	2	C1	56	Chronic (19 Day)	2-17-15 #7 Chronic (19 Day) Charles River CF-1 female Control	Control	female	2/17/15	"#5,6,7,8 in same cage"	Texas Tech	Texas Tech	5.2	3	0.071	346.4	26	13.943	16.403	0.014	0.04	32	2	466.1	28	80.2	11	133.8	28	7.117	0.053	3	4.6	31.481	0.052	570.6	18	28.643	0.05	14.2	11	1.13	0.08	70	121.1	0	0	4	23.1	0	0
D100	24.5	25.4	7/5/16	Cecal Content	8	Ctrl	Chronic 2-17-15 Female	TCCTCGAGCGAT	CCGGACTACHVGGGTWTCTAAT	2	D1	57	Chronic (19 Day)	2-17-15 #8 Chronic (19 Day) Charles River CF-1 female Control	Control	female	2/17/15	"#5,6,7,8 in same cage"	Texas Tech	Texas Tech	83.2	11	2.951	336.9	26	13.671	19.729	0.035	0.041	37	4	492.5	14	276.7	19.8	107.5	15	6.165	0.057	7	10.5	35.084	0.058	565.1	27	30.058	0.053	18.2	19	2.291	0.126	70	110.9	3	1.5	4	28.2	0	0
D101	24	25	7/5/16	Cecal Content	13	Ctrl	Chronic 2-17-15 Female	TTAGAGCCATGC	CCGGACTACHVGGGTWTCTAAT	2	E1	58	Chronic (19 Day)	2-17-15 #13 Chronic (19 Day) Charles River CF-1 female Control	Control	female	2/17/15	"#13,14,15,16 in same cage"	Texas Tech	Texas Tech	6.8	1	0.098	529.4	11	4.57	5.614	0.014	0.009	9	0	551.5	7	254.3	0	48.5	6	0.283	0.006	0	0	24.573	0.041	570.8	15	21.366	0.037	14.9	16	1.642	0.111	39	54.8	2	2.5	4	21.5	0	0
D102	23.5	25.3	7/5/16	Cecal Content	14	Ctrl	Chronic 2-17-15 Female	TCGTGCGTGTTG	CCGGACTACHVGGGTWTCTAAT	2	F1	59	Chronic (19 Day)	2-17-15 #14 Chronic (19 Day) Charles River CF-1 female Control	Control	female	2/17/15	"#13,14,15,16 in same cage"	Texas Tech	Texas Tech	48.8	7	1.221	257.2	42	12.186	17.264	0.025	0.047	17	0	448.3	27	66.7	13.8	151.7	28	5.665	0.037	5	3.5	23.441	0.039	552.1	18	20.114	0.036	27.1	13	1.867	0.069	34	49.5	4	2.4	4	13.3	0	0
D103	24.2	27.1	7/5/16	Cecal Content	15	Ctrl	Chronic 2-17-15 Female	TTAAGACAGTCG	CCGGACTACHVGGGTWTCTAAT	2	G1	60	Chronic (19 Day)	2-17-15 #15 Chronic (19 Day) Charles River CF-1 female Control	Control	female	2/17/15	"#13,14,15,16 in same cage"	Texas Tech	Texas Tech	67.2	15	2.16	273.5	43	12.842	18.713	0.032	0.047	26	0	480.6	24	160.9	15.7	119.4	24	6.612	0.055	9	7.4	42.986	0.072	577.1	22	39.064	0.068	10	16	1.926	0.193	119	162.8	1	2.3	0	0	0	0
D104	25	25.4	7/5/16	Cecal Content	16	Ctrl	Chronic 2-17-15 Female	GTGCAACCAATC	CCGGACTACHVGGGTWTCTAAT	2	H1	61	Chronic (19 Day)	2-17-15 #16 Chronic (19 Day) Charles River CF-1 female Control	Control	female	2/17/15	"#13,14,15,16 in same cage"	Texas Tech	Texas Tech	38.6	5	0.907	338.7	50	19.641	25.762	0.024	0.058	36	1	350.6	41	43.4	3.4	249.4	41	15.465	0.062	18	12.5	30.97	0.052	561.4	20	27.26	0.049	21	15	1.872	0.089	87	132.5	3	7.1	0	0	0	0
D105	25.3	24.6	7/5/16	Cecal Content	1	Exp	Chronic 2-17-15 Female	TGTGCGATAACA	CCGGACTACHVGGGTWTCTAAT	2	A2	46	Chronic (19 Day)	2-17-15 #1 Chronic (19 Day) Charles River CF-1 female Experimental	Experimental	female	2/17/15	"#1,2,3,4 in same cage"	Texas Tech	Texas Tech	97.9	11	2.838	265.7	40	13.518	21.023	0.029	0.051	21	4	354.5	36	38.8	10.5	245.5	36	16.869	0.069	29	31.3	44.998	0.075	545.4	38	38.226	0.07	25.7	30	3.066	0.119	118	159	4	4.4	0	0	0	0
D106	24.1	23.9	7/5/16	Cecal Content	2	Exp	Chronic 2-17-15 Female	GCGACAATTACA	CCGGACTACHVGGGTWTCTAAT	2	B2	47	Chronic (19 Day)	2-17-15 #2 Chronic (19 Day) Charles River CF-1 female Experimental	Experimental	female	2/17/15	"#1,2,3,4 in same cage"	Texas Tech	Texas Tech	145.9	13	4.61	197.5	31	9.128	17.24	0.032	0.046	34	1	306.8	28	48.4	36.5	293.2	29	17.923	0.061	34	63.9	38.466	0.064	534.5	39	30.605	0.057	30.8	32	3.945	0.128	85	129.7	5	4	4	7.9	0	0
D107	24.9	24.2	7/5/16	Cecal Content	3	Exp	Chronic 2-17-15 Female	GCAATTAGGTAC	CCGGACTACHVGGGTWTCTAAT	2	C2	48	Chronic (19 Day)	2-17-15 #3 Chronic (19 Day) Charles River CF-1 female Experimental	Experimental	female	2/17/15	"#1,2,3,4 in same cage"	Texas Tech	Texas Tech	26.7	7	0.376	307.6	63	20.965	27.1	0.014	0.068	35	2	345.5	30	58.1	39.8	254.5	30	22.204	0.087	32	29.4	51.291	0.085	526.1	48	42.157	0.08	44.5	40	4.589	0.103	120	136.6	10	10.6	0	0	0	0
D108	23.2	23.7	7/5/16	Cecal Content	4	Exp	Chronic 2-17-15 Female	ACCCAAGCGTTA	CCGGACTACHVGGGTWTCTAAT	2	D2	49	Chronic (19 Day)	2-17-15 #4 Chronic (19 Day) Charles River CF-1 female Experimental	Experimental	female	2/17/15	"#1,2,3,4 in same cage"	Texas Tech	Texas Tech	8.1	1	0.296	482.2	30	16.801	19.221	0.036	0.035	39	5	435.5	32	61.7	17.8	164.5	32	11.483	0.07	6	19.3	38.018	0.063	554	24	33.444	0.06	31.3	18	2.27	0.073	79	130.8	0	0	1	1.4	0	0
D109	26	25.3	7/5/16	Cecal Content	9	Exp	Chronic 2-17-15 Female	TGAACCCTATGG	CCGGACTACHVGGGTWTCTAAT	2	E2	50	Chronic (19 Day)	2-17-15 #9 Chronic (19 Day) Charles River CF-1 female Experimental	Experimental	female	2/17/15	"#9,10,11,12 in same cage"	Texas Tech	Texas Tech	51.7	6	1.505	271.3	42	14.123	19.606	0.029	0.052	32	1	599.5	1	599.5	0.4	0.4	1	0	0	0	0	35.785	0.06	570.4	20	32.477	0.057	16.9	13	1.457	0.086	85	99.5	6	4	12	117.1	1	0.8
D110	25.2	23.9	7/5/16	Cecal Content	10	Exp	Chronic 2-17-15 Female	GTTATCGCATGG	CCGGACTACHVGGGTWTCTAAT	2	F2	51	Chronic (19 Day)	2-17-15 #10 Chronic (19 Day) Charles River CF-1 female Experimental	Experimental	female	2/17/15	"#9,10,11,12 in same cage"	Texas Tech	Texas Tech	68.3	13	1.7	258.4	33	14.714	21.297	0.025	0.057	32	0	276.4	37	31.3	10.7	323.6	38	28.414	0.088	27	40.4	51.414	0.086	519.3	47	42.328	0.082	51.3	35	4.622	0.09	100	119.6	5	8.2	4	5.9	1	0.5
D111	21.5	22.2	7/5/16	Cecal Content	11	Exp	Chronic 2-17-15 Female	TCTGCACTGAGC	CCGGACTACHVGGGTWTCTAAT	2	G2	52	Chronic (19 Day)	2-17-15 #11 Chronic (19 Day) Charles River CF-1 female Experimental	Experimental	female	2/17/15	"#9,10,11,12 in same cage"	Texas Tech	Texas Tech	73.9	12	1.719	220.4	36	13.565	19.273	0.023	0.062	12	0	331.1	44	47.7	0	268.9	44	19.086	0.071	23	29	33.786	0.056	477.4	37	26.454	0.055	86.7	33	4.231	0.049	65	77.2	7	6.6	1	7.9	2	22.2
D112	26.9	25.8	7/5/16	Cecal Content	12	Exp	Chronic 2-17-15 Female	GCTTGAGCTTGA	CCGGACTACHVGGGTWTCTAAT	2	H2	53	Chronic (19 Day)	2-17-15 #12 Chronic (19 Day) Charles River CF-1 female Experimental	Experimental	female	2/17/15	"#9,10,11,12 in same cage"	Texas Tech	Texas Tech	168.2	16	4.815	200.9	33	14.293	23.079	0.029	0.071	17	0	419.7	23	90.9	5.7	180.3	23	14.191	0.079	21	27.6	48.174	0.08	529.5	40	39.891	0.075	40.8	34	4.497	0.11	108	161.7	4	10.7	3	28.5	0	0
D113	24	24	8/3/16	duo	6	Ctrl	Chronic 2-17-15 Female	GATTATCGACGA	CCGGACTACHVGGGTWTCTAAT	2	A3	55	Chronic (19 Day)	2-17-15 #6 Chronic (19 Day) Charles River CF-1 female Control	Control	female	2/17/15	"#5,6,7,8 in same cage"	Texas Tech	Texas Tech	59.8	10	1.872	290.9	34	14.05	19.047	0.031	0.048	20	3	354.2	40	41.4	4.2	245.8	41	10.888	0.044	16	20.2	40.081	0.067	516.1	43	32.675	0.063	39.7	32	3.889	0.098	82	126.4	3	9.6	1	1.9	0	0
D114	24	24	8/3/16	ileum	6	Ctrl	Chronic 2-17-15 Female	TCATGCTCCATT	CCGGACTACHVGGGTWTCTAAT	2	B3	55	Chronic (19 Day)	2-17-15 #6 Chronic (19 Day) Charles River CF-1 female Control	Control	female	2/17/15	"#5,6,7,8 in same cage"	Texas Tech	Texas Tech	59.8	10	1.872	290.9	34	14.05	19.047	0.031	0.048	20	3	354.2	40	41.4	4.2	245.8	41	10.888	0.044	16	20.2	40.081	0.067	516.1	43	32.675	0.063	39.7	32	3.889	0.098	82	126.4	3	9.6	1	1.9	0	0
D115	24	24	8/3/16	jej	6	Ctrl	Chronic 2-17-15 Female	CATACCGTGAGT	CCGGACTACHVGGGTWTCTAAT	2	C3	55	Chronic (19 Day)	2-17-15 #6 Chronic (19 Day) Charles River CF-1 female Control	Control	female	2/17/15	"#5,6,7,8 in same cage"	Texas Tech	Texas Tech	59.8	10	1.872	290.9	34	14.05	19.047	0.031	0.048	20	3	354.2	40	41.4	4.2	245.8	41	10.888	0.044	16	20.2	40.081	0.067	516.1	43	32.675	0.063	39.7	32	3.889	0.098	82	126.4	3	9.6	1	1.9	0	0
D116	23.3	24.2	8/3/16	duo	5	Ctrl	Chronic 2-17-15 Female	TGCAGCAAGATT	CCGGACTACHVGGGTWTCTAAT	2	D3	54	Chronic (19 Day)	2-17-15 #5 Chronic (19 Day) Charles River CF-1 female Control	Control	female	2/17/15	"#5,6,7,8 in same cage"	Texas Tech	Texas Tech	66	10	1.126	263.5	33	15.128	19.883	0.017	0.057	19	1	311.1	34	38.3	4.8	288.9	34	17.92	0.062	32	56.5	39.555	0.066	562	36	34.464	0.061	16.8	18	2.276	0.136	85	157.9	2	7.5	2	6	0	0
D117	23.3	24.2	8/3/16	jej	5	Ctrl	Chronic 2-17-15 Female	AGAGTCTTGCCA	CCGGACTACHVGGGTWTCTAAT	2	E3	54	Chronic (19 Day)	2-17-15 #5 Chronic (19 Day) Charles River CF-1 female Control	Control	female	2/17/15	"#5,6,7,8 in same cage"	Texas Tech	Texas Tech	66	10	1.126	263.5	33	15.128	19.883	0.017	0.057	19	1	311.1	34	38.3	4.8	288.9	34	17.92	0.062	32	56.5	39.555	0.066	562	36	34.464	0.061	16.8	18	2.276	0.136	85	157.9	2	7.5	2	6	0	0
D118	23.3	24.2	8/3/16	ileum	5	Ctrl	Chronic 2-17-15 Female	GATCACGAGAGG	CCGGACTACHVGGGTWTCTAAT	2	F3	54	Chronic (19 Day)	2-17-15 #5 Chronic (19 Day) Charles River CF-1 female Control	Control	female	2/17/15	"#5,6,7,8 in same cage"	Texas Tech	Texas Tech	66	10	1.126	263.5	33	15.128	19.883	0.017	0.057	19	1	311.1	34	38.3	4.8	288.9	34	17.92	0.062	32	56.5	39.555	0.066	562	36	34.464	0.061	16.8	18	2.276	0.136	85	157.9	2	7.5	2	6	0	0
D119	25	25.5	8/3/16	duo	7	Ctrl	Chronic 2-17-15 Female	CGCAGATTAGTA	CCGGACTACHVGGGTWTCTAAT	2	G3	56	Chronic (19 Day)	2-17-15 #7 Chronic (19 Day) Charles River CF-1 female Control	Control	female	2/17/15	"#5,6,7,8 in same cage"	Texas Tech	Texas Tech	5.2	3	0.071	346.4	26	13.943	16.403	0.014	0.04	32	2	466.1	28	80.2	11	133.8	28	7.117	0.053	3	4.6	31.481	0.052	570.6	18	28.643	0.05	14.2	11	1.13	0.08	70	121.1	0	0	4	23.1	0	0
D120	25	25.5	8/3/16	jej	7	Ctrl	Chronic 2-17-15 Female	CGCTGTGGATTA	CCGGACTACHVGGGTWTCTAAT	2	H3	56	Chronic (19 Day)	2-17-15 #7 Chronic (19 Day) Charles River CF-1 female Control	Control	female	2/17/15	"#5,6,7,8 in same cage"	Texas Tech	Texas Tech	5.2	3	0.071	346.4	26	13.943	16.403	0.014	0.04	32	2	466.1	28	80.2	11	133.8	28	7.117	0.053	3	4.6	31.481	0.052	570.6	18	28.643	0.05	14.2	11	1.13	0.08	70	121.1	0	0	4	23.1	0	0
D121	25	25.5	8/3/16	ileum	7	Ctrl	Chronic 2-17-15 Female	GCCTAGCCCAAT	CCGGACTACHVGGGTWTCTAAT	2	A4	56	Chronic (19 Day)	2-17-15 #7 Chronic (19 Day) Charles River CF-1 female Control	Control	female	2/17/15	"#5,6,7,8 in same cage"	Texas Tech	Texas Tech	5.2	3	0.071	346.4	26	13.943	16.403	0.014	0.04	32	2	466.1	28	80.2	11	133.8	28	7.117	0.053	3	4.6	31.481	0.052	570.6	18	28.643	0.05	14.2	11	1.13	0.08	70	121.1	0	0	4	23.1	0	0
D122	24.5	25.4	8/4/16	duo	8	Ctrl	Chronic 2-17-15 Female	AGCTGTCAAGCT	CCGGACTACHVGGGTWTCTAAT	2	B4	57	Chronic (19 Day)	2-17-15 #8 Chronic (19 Day) Charles River CF-1 female Control	Control	female	2/17/15	"#5,6,7,8 in same cage"	Texas Tech	Texas Tech	83.2	11	2.951	336.9	26	13.671	19.729	0.035	0.041	37	4	492.5	14	276.7	19.8	107.5	15	6.165	0.057	7	10.5	35.084	0.058	565.1	27	30.058	0.053	18.2	19	2.291	0.126	70	110.9	3	1.5	4	28.2	0	0
D123	24.5	25.4	8/4/16	jej	8	Ctrl	Chronic 2-17-15 Female	ATGTGTGTAGAC	CCGGACTACHVGGGTWTCTAAT	2	C4	57	Chronic (19 Day)	2-17-15 #8 Chronic (19 Day) Charles River CF-1 female Control	Control	female	2/17/15	"#5,6,7,8 in same cage"	Texas Tech	Texas Tech	83.2	11	2.951	336.9	26	13.671	19.729	0.035	0.041	37	4	492.5	14	276.7	19.8	107.5	15	6.165	0.057	7	10.5	35.084	0.058	565.1	27	30.058	0.053	18.2	19	2.291	0.126	70	110.9	3	1.5	4	28.2	0	0
D124	24.5	25.4	8/4/16	ileum	8	Ctrl	Chronic 2-17-15 Female	AGCAACATTGCA	CCGGACTACHVGGGTWTCTAAT	2	D4	57	Chronic (19 Day)	2-17-15 #8 Chronic (19 Day) Charles River CF-1 female Control	Control	female	2/17/15	"#5,6,7,8 in same cage"	Texas Tech	Texas Tech	83.2	11	2.951	336.9	26	13.671	19.729	0.035	0.041	37	4	492.5	14	276.7	19.8	107.5	15	6.165	0.057	7	10.5	35.084	0.058	565.1	27	30.058	0.053	18.2	19	2.291	0.126	70	110.9	3	1.5	4	28.2	0	0
D125	24	25	8/4/16	duo	13	Ctrl	Chronic 2-17-15 Female	ACAACACTCCGA	CCGGACTACHVGGGTWTCTAAT	2	E4	58	Chronic (19 Day)	2-17-15 #13 Chronic (19 Day) Charles River CF-1 female Control	Control	female	2/17/15	"#13,14,15,16 in same cage"	Texas Tech	Texas Tech	6.8	1	0.098	529.4	11	4.57	5.614	0.014	0.009	9	0	551.5	7	254.3	0	48.5	6	0.283	0.006	0	0	24.573	0.041	570.8	15	21.366	0.037	14.9	16	1.642	0.111	39	54.8	2	2.5	4	21.5	0	0
D126	24	25	8/4/16	jej	13	Ctrl	Chronic 2-17-15 Female	GTAAATTCAGGC	CCGGACTACHVGGGTWTCTAAT	2	F4	58	Chronic (19 Day)	2-17-15 #13 Chronic (19 Day) Charles River CF-1 female Control	Control	female	2/17/15	"#13,14,15,16 in same cage"	Texas Tech	Texas Tech	6.8	1	0.098	529.4	11	4.57	5.614	0.014	0.009	9	0	551.5	7	254.3	0	48.5	6	0.283	0.006	0	0	24.573	0.041	570.8	15	21.366	0.037	14.9	16	1.642	0.111	39	54.8	2	2.5	4	21.5	0	0
D127	24	25	8/4/16	ileum	13	Ctrl	Chronic 2-17-15 Female	TGGGTCCCACAT	CCGGACTACHVGGGTWTCTAAT	2	G4	58	Chronic (19 Day)	2-17-15 #13 Chronic (19 Day) Charles River CF-1 female Control	Control	female	2/17/15	"#13,14,15,16 in same cage"	Texas Tech	Texas Tech	6.8	1	0.098	529.4	11	4.57	5.614	0.014	0.009	9	0	551.5	7	254.3	0	48.5	6	0.283	0.006	0	0	24.573	0.041	570.8	15	21.366	0.037	14.9	16	1.642	0.111	39	54.8	2	2.5	4	21.5	0	0
D128	23.5	25.3	8/4/16	duo	14	Ctrl	Chronic 2-17-15 Female	CTGTCAGTGACC	CCGGACTACHVGGGTWTCTAAT	2	H4	59	Chronic (19 Day)	2-17-15 #14 Chronic (19 Day) Charles River CF-1 female Control	Control	female	2/17/15	"#13,14,15,16 in same cage"	Texas Tech	Texas Tech	48.8	7	1.221	257.2	42	12.186	17.264	0.025	0.047	17	0	448.3	27	66.7	13.8	151.7	28	5.665	0.037	5	3.5	23.441	0.039	552.1	18	20.114	0.036	27.1	13	1.867	0.069	34	49.5	4	2.4	4	13.3	0	0
D129	23.5	25.3	8/4/16	jej	14	Ctrl	Chronic 2-17-15 Female	GATGTATGTGGT	CCGGACTACHVGGGTWTCTAAT	2	A5	59	Chronic (19 Day)	2-17-15 #14 Chronic (19 Day) Charles River CF-1 female Control	Control	female	2/17/15	"#13,14,15,16 in same cage"	Texas Tech	Texas Tech	48.8	7	1.221	257.2	42	12.186	17.264	0.025	0.047	17	0	448.3	27	66.7	13.8	151.7	28	5.665	0.037	5	3.5	23.441	0.039	552.1	18	20.114	0.036	27.1	13	1.867	0.069	34	49.5	4	2.4	4	13.3	0	0
D130	23.5	25.3	8/4/16	ileum	14	Ctrl	Chronic 2-17-15 Female	GAGAGCAACAGA	CCGGACTACHVGGGTWTCTAAT	2	B5	59	Chronic (19 Day)	2-17-15 #14 Chronic (19 Day) Charles River CF-1 female Control	Control	female	2/17/15	"#13,14,15,16 in same cage"	Texas Tech	Texas Tech	48.8	7	1.221	257.2	42	12.186	17.264	0.025	0.047	17	0	448.3	27	66.7	13.8	151.7	28	5.665	0.037	5	3.5	23.441	0.039	552.1	18	20.114	0.036	27.1	13	1.867	0.069	34	49.5	4	2.4	4	13.3	0	0
D131	24.2	27.1	8/4/16	duo	15	Ctrl	Chronic 2-17-15 Female	CCTGCGAAGTAT	CCGGACTACHVGGGTWTCTAAT	2	C5	60	Chronic (19 Day)	2-17-15 #15 Chronic (19 Day) Charles River CF-1 female Control	Control	female	2/17/15	"#13,14,15,16 in same cage"	Texas Tech	Texas Tech	67.2	15	2.16	273.5	43	12.842	18.713	0.032	0.047	26	0	480.6	24	160.9	15.7	119.4	24	6.612	0.055	9	7.4	42.986	0.072	577.1	22	39.064	0.068	10	16	1.926	0.193	119	162.8	1	2.3	0	0	0	0
D132	24.2	27.1	8/4/16	jej	15	Ctrl	Chronic 2-17-15 Female	GATGTGGTGTTA	CCGGACTACHVGGGTWTCTAAT	2	D5	60	Chronic (19 Day)	2-17-15 #15 Chronic (19 Day) Charles River CF-1 female Control	Control	female	2/17/15	"#13,14,15,16 in same cage"	Texas Tech	Texas Tech	67.2	15	2.16	273.5	43	12.842	18.713	0.032	0.047	26	0	480.6	24	160.9	15.7	119.4	24	6.612	0.055	9	7.4	42.986	0.072	577.1	22	39.064	0.068	10	16	1.926	0.193	119	162.8	1	2.3	0	0	0	0
D133	24.2	27.1	8/4/16	ileum	15	Ctrl	Chronic 2-17-15 Female	CGATGCTGTTGA	CCGGACTACHVGGGTWTCTAAT	2	E5	60	Chronic (19 Day)	2-17-15 #15 Chronic (19 Day) Charles River CF-1 female Control	Control	female	2/17/15	"#13,14,15,16 in same cage"	Texas Tech	Texas Tech	67.2	15	2.16	273.5	43	12.842	18.713	0.032	0.047	26	0	480.6	24	160.9	15.7	119.4	24	6.612	0.055	9	7.4	42.986	0.072	577.1	22	39.064	0.068	10	16	1.926	0.193	119	162.8	1	2.3	0	0	0	0
D134	25	25.4	8/4/16	duo	16	Ctrl	Chronic 2-17-15 Female	AGTGTTTCGGAC	CCGGACTACHVGGGTWTCTAAT	2	F5	61	Chronic (19 Day)	2-17-15 #16 Chronic (19 Day) Charles River CF-1 female Control	Control	female	2/17/15	"#13,14,15,16 in same cage"	Texas Tech	Texas Tech	38.6	5	0.907	338.7	50	19.641	25.762	0.024	0.058	36	1	350.6	41	43.4	3.4	249.4	41	15.465	0.062	18	12.5	30.97	0.052	561.4	20	27.26	0.049	21	15	1.872	0.089	87	132.5	3	7.1	0	0	0	0
D135	25	25.4	8/4/16	jej	16	Ctrl	Chronic 2-17-15 Female	CACTGGTGCATA	CCGGACTACHVGGGTWTCTAAT	2	G5	61	Chronic (19 Day)	2-17-15 #16 Chronic (19 Day) Charles River CF-1 female Control	Control	female	2/17/15	"#13,14,15,16 in same cage"	Texas Tech	Texas Tech	38.6	5	0.907	338.7	50	19.641	25.762	0.024	0.058	36	1	350.6	41	43.4	3.4	249.4	41	15.465	0.062	18	12.5	30.97	0.052	561.4	20	27.26	0.049	21	15	1.872	0.089	87	132.5	3	7.1	0	0	0	0
D136	25	25.4	8/4/16	ileum	16	Ctrl	Chronic 2-17-15 Female	ACGATTCGAGTC	CCGGACTACHVGGGTWTCTAAT	2	H5	61	Chronic (19 Day)	2-17-15 #16 Chronic (19 Day) Charles River CF-1 female Control	Control	female	2/17/15	"#13,14,15,16 in same cage"	Texas Tech	Texas Tech	38.6	5	0.907	338.7	50	19.641	25.762	0.024	0.058	36	1	350.6	41	43.4	3.4	249.4	41	15.465	0.062	18	12.5	30.97	0.052	561.4	20	27.26	0.049	21	15	1.872	0.089	87	132.5	3	7.1	0	0	0	0
D137	25.2	23.9	8/5/16	jej	10	Exp	Chronic 2-17-15 Female	ACTCCTTGTGTT	CCGGACTACHVGGGTWTCTAAT	2	A6	51	Chronic (19 Day)	2-17-15 #10 Chronic (19 Day) Charles River CF-1 female Experimental	Experimental	female	2/17/15	"#9,10,11,12 in same cage"	Texas Tech	Texas Tech	68.3	13	1.7	258.4	33	14.714	21.297	0.025	0.057	32	0	276.4	37	31.3	10.7	323.6	38	28.414	0.088	27	40.4	51.414	0.086	519.3	47	42.328	0.082	51.3	35	4.622	0.09	100	119.6	5	8.2	4	5.9	1	0.5
D138	25.2	23.9	8/5/16	ileum	10	Exp	Chronic 2-17-15 Female	TACTCGGGAACT	CCGGACTACHVGGGTWTCTAAT	2	B6	51	Chronic (19 Day)	2-17-15 #10 Chronic (19 Day) Charles River CF-1 female Experimental	Experimental	female	2/17/15	"#9,10,11,12 in same cage"	Texas Tech	Texas Tech	68.3	13	1.7	258.4	33	14.714	21.297	0.025	0.057	32	0	276.4	37	31.3	10.7	323.6	38	28.414	0.088	27	40.4	51.414	0.086	519.3	47	42.328	0.082	51.3	35	4.622	0.09	100	119.6	5	8.2	4	5.9	1	0.5
D139	25.2	23.9	8/5/16	duo	10	Exp	Chronic 2-17-15 Female	TTCTCTCGACAT	CCGGACTACHVGGGTWTCTAAT	2	C6	51	Chronic (19 Day)	2-17-15 #10 Chronic (19 Day) Charles River CF-1 female Experimental	Experimental	female	2/17/15	"#9,10,11,12 in same cage"	Texas Tech	Texas Tech	68.3	13	1.7	258.4	33	14.714	21.297	0.025	0.057	32	0	276.4	37	31.3	10.7	323.6	38	28.414	0.088	27	40.4	51.414	0.086	519.3	47	42.328	0.082	51.3	35	4.622	0.09	100	119.6	5	8.2	4	5.9	1	0.5
D140	26	25.3	8/5/16	ileum	9	Exp	Chronic 2-17-15 Female	CAGAAATGTGTC	CCGGACTACHVGGGTWTCTAAT	2	D6	50	Chronic (19 Day)	2-17-15 #9 Chronic (19 Day) Charles River CF-1 female Experimental	Experimental	female	2/17/15	"#9,10,11,12 in same cage"	Texas Tech	Texas Tech	51.7	6	1.505	271.3	42	14.123	19.606	0.029	0.052	32	1	599.5	1	599.5	0.4	0.4	1	0	0	0	0	35.785	0.06	570.4	20	32.477	0.057	16.9	13	1.457	0.086	85	99.5	6	4	12	117.1	1	0.8
D141	26	25.3	8/5/16	jej	9	Exp	Chronic 2-17-15 Female	ACGACTGCATAA	CCGGACTACHVGGGTWTCTAAT	2	E6	50	Chronic (19 Day)	2-17-15 #9 Chronic (19 Day) Charles River CF-1 female Experimental	Experimental	female	2/17/15	"#9,10,11,12 in same cage"	Texas Tech	Texas Tech	51.7	6	1.505	271.3	42	14.123	19.606	0.029	0.052	32	1	599.5	1	599.5	0.4	0.4	1	0	0	0	0	35.785	0.06	570.4	20	32.477	0.057	16.9	13	1.457	0.086	85	99.5	6	4	12	117.1	1	0.8
D142	26	25.3	8/5/16	duo	9	Exp	Chronic 2-17-15 Female	ACACGCGGTTTA	CCGGACTACHVGGGTWTCTAAT	2	F6	50	Chronic (19 Day)	2-17-15 #9 Chronic (19 Day) Charles River CF-1 female Experimental	Experimental	female	2/17/15	"#9,10,11,12 in same cage"	Texas Tech	Texas Tech	51.7	6	1.505	271.3	42	14.123	19.606	0.029	0.052	32	1	599.5	1	599.5	0.4	0.4	1	0	0	0	0	35.785	0.06	570.4	20	32.477	0.057	16.9	13	1.457	0.086	85	99.5	6	4	12	117.1	1	0.8
D143	23.2	23.7	8/5/16	ileum	4	Exp	Chronic 2-17-15 Female	AACGTAGGCTCT	CCGGACTACHVGGGTWTCTAAT	2	G6	49	Chronic (19 Day)	2-17-15 #4 Chronic (19 Day) Charles River CF-1 female Experimental	Experimental	female	2/17/15	"#1,2,3,4 in same cage"	Texas Tech	Texas Tech	8.1	1	0.296	482.2	30	16.801	19.221	0.036	0.035	39	5	435.5	32	61.7	17.8	164.5	32	11.483	0.07	6	19.3	38.018	0.063	554	24	33.444	0.06	31.3	18	2.27	0.073	79	130.8	0	0	1	1.4	0	0
D144	23.2	23.7	8/5/16	jej	4	Exp	Chronic 2-17-15 Female	GGTTCGGTCCAT	CCGGACTACHVGGGTWTCTAAT	2	H6	49	Chronic (19 Day)	2-17-15 #4 Chronic (19 Day) Charles River CF-1 female Experimental	Experimental	female	2/17/15	"#1,2,3,4 in same cage"	Texas Tech	Texas Tech	8.1	1	0.296	482.2	30	16.801	19.221	0.036	0.035	39	5	435.5	32	61.7	17.8	164.5	32	11.483	0.07	6	19.3	38.018	0.063	554	24	33.444	0.06	31.3	18	2.27	0.073	79	130.8	0	0	1	1.4	0	0
D145	23.2	23.7	8/9/16	duo	4	Exp	Chronic 2-17-15 Female	GTCACGGACATT	CCGGACTACHVGGGTWTCTAAT	2	A7	49	Chronic (19 Day)	2-17-15 #4 Chronic (19 Day) Charles River CF-1 female Experimental	Experimental	female	2/17/15	"#1,2,3,4 in same cage"	Texas Tech	Texas Tech	8.1	1	0.296	482.2	30	16.801	19.221	0.036	0.035	39	5	435.5	32	61.7	17.8	164.5	32	11.483	0.07	6	19.3	38.018	0.063	554	24	33.444	0.06	31.3	18	2.27	0.073	79	130.8	0	0	1	1.4	0	0
D146	24.9	24.2	8/9/16	ileum	3	Exp	Chronic 2-17-15 Female	CGTGCTTAGGCT	CCGGACTACHVGGGTWTCTAAT	2	B7	48	Chronic (19 Day)	2-17-15 #3 Chronic (19 Day) Charles River CF-1 female Experimental	Experimental	female	2/17/15	"#1,2,3,4 in same cage"	Texas Tech	Texas Tech	26.7	7	0.376	307.6	63	20.965	27.1	0.014	0.068	35	2	345.5	30	58.1	39.8	254.5	30	22.204	0.087	32	29.4	51.291	0.085	526.1	48	42.157	0.08	44.5	40	4.589	0.103	120	136.6	10	10.6	0	0	0	0
D147	24.9	24.2	8/9/16	jej	3	Exp	Chronic 2-17-15 Female	GCTCTCCGTAGA	CCGGACTACHVGGGTWTCTAAT	2	C7	48	Chronic (19 Day)	2-17-15 #3 Chronic (19 Day) Charles River CF-1 female Experimental	Experimental	female	2/17/15	"#1,2,3,4 in same cage"	Texas Tech	Texas Tech	26.7	7	0.376	307.6	63	20.965	27.1	0.014	0.068	35	2	345.5	30	58.1	39.8	254.5	30	22.204	0.087	32	29.4	51.291	0.085	526.1	48	42.157	0.08	44.5	40	4.589	0.103	120	136.6	10	10.6	0	0	0	0
D148	24.9	24.2	8/9/16	duo	3	Exp	Chronic 2-17-15 Female	GTAGAGGTAGAG	CCGGACTACHVGGGTWTCTAAT	2	D7	48	Chronic (19 Day)	2-17-15 #3 Chronic (19 Day) Charles River CF-1 female Experimental	Experimental	female	2/17/15	"#1,2,3,4 in same cage"	Texas Tech	Texas Tech	26.7	7	0.376	307.6	63	20.965	27.1	0.014	0.068	35	2	345.5	30	58.1	39.8	254.5	30	22.204	0.087	32	29.4	51.291	0.085	526.1	48	42.157	0.08	44.5	40	4.589	0.103	120	136.6	10	10.6	0	0	0	0
D149	24.1	23.9	8/9/16	ileum	2	Exp	Chronic 2-17-15 Female	ACGCGAACTAAT	CCGGACTACHVGGGTWTCTAAT	2	E7	47	Chronic (19 Day)	2-17-15 #2 Chronic (19 Day) Charles River CF-1 female Experimental	Experimental	female	2/17/15	"#1,2,3,4 in same cage"	Texas Tech	Texas Tech	145.9	13	4.61	197.5	31	9.128	17.24	0.032	0.046	34	1	306.8	28	48.4	36.5	293.2	29	17.923	0.061	34	63.9	38.466	0.064	534.5	39	30.605	0.057	30.8	32	3.945	0.128	85	129.7	5	4	4	7.9	0	0
D150	24.1	23.9	8/9/16	jej	2	Exp	Chronic 2-17-15 Female	TGGCAAATCTAG	CCGGACTACHVGGGTWTCTAAT	2	F7	47	Chronic (19 Day)	2-17-15 #2 Chronic (19 Day) Charles River CF-1 female Experimental	Experimental	female	2/17/15	"#1,2,3,4 in same cage"	Texas Tech	Texas Tech	145.9	13	4.61	197.5	31	9.128	17.24	0.032	0.046	34	1	306.8	28	48.4	36.5	293.2	29	17.923	0.061	34	63.9	38.466	0.064	534.5	39	30.605	0.057	30.8	32	3.945	0.128	85	129.7	5	4	4	7.9	0	0
D151	24.1	23.9	8/9/16	duo	2	Exp	Chronic 2-17-15 Female	AGTTGTAGTCCG	CCGGACTACHVGGGTWTCTAAT	2	G7	47	Chronic (19 Day)	2-17-15 #2 Chronic (19 Day) Charles River CF-1 female Experimental	Experimental	female	2/17/15	"#1,2,3,4 in same cage"	Texas Tech	Texas Tech	145.9	13	4.61	197.5	31	9.128	17.24	0.032	0.046	34	1	306.8	28	48.4	36.5	293.2	29	17.923	0.061	34	63.9	38.466	0.064	534.5	39	30.605	0.057	30.8	32	3.945	0.128	85	129.7	5	4	4	7.9	0	0
D152	25.3	24.6	8/9/16	ileum	1	Exp	Chronic 2-17-15 Female	CTGATCCATCTT	CCGGACTACHVGGGTWTCTAAT	2	H7	46	Chronic (19 Day)	2-17-15 #1 Chronic (19 Day) Charles River CF-1 female Experimental	Experimental	female	2/17/15	"#1,2,3,4 in same cage"	Texas Tech	Texas Tech	97.9	11	2.838	265.7	40	13.518	21.023	0.029	0.051	21	4	354.5	36	38.8	10.5	245.5	36	16.869	0.069	29	31.3	44.998	0.075	545.4	38	38.226	0.07	25.7	30	3.066	0.119	118	159	4	4.4	0	0	0	0
D153	25.3	24.6	8/9/16	jej	1	Exp	Chronic 2-17-15 Female	GCGAGCGAAGTA	CCGGACTACHVGGGTWTCTAAT	2	A8	46	Chronic (19 Day)	2-17-15 #1 Chronic (19 Day) Charles River CF-1 female Experimental	Experimental	female	2/17/15	"#1,2,3,4 in same cage"	Texas Tech	Texas Tech	97.9	11	2.838	265.7	40	13.518	21.023	0.029	0.051	21	4	354.5	36	38.8	10.5	245.5	36	16.869	0.069	29	31.3	44.998	0.075	545.4	38	38.226	0.07	25.7	30	3.066	0.119	118	159	4	4.4	0	0	0	0
D154	25.3	24.6	8/9/16	duo	1	Exp	Chronic 2-17-15 Female	TACCGAAGGTAT	CCGGACTACHVGGGTWTCTAAT	2	B8	46	Chronic (19 Day)	2-17-15 #1 Chronic (19 Day) Charles River CF-1 female Experimental	Experimental	female	2/17/15	"#1,2,3,4 in same cage"	Texas Tech	Texas Tech	97.9	11	2.838	265.7	40	13.518	21.023	0.029	0.051	21	4	354.5	36	38.8	10.5	245.5	36	16.869	0.069	29	31.3	44.998	0.075	545.4	38	38.226	0.07	25.7	30	3.066	0.119	118	159	4	4.4	0	0	0	0
D155	21.5	22.2	8/9/16	ileum	11	Exp	Chronic 2-17-15 Female	GTTAAGCTGACC	CCGGACTACHVGGGTWTCTAAT	2	C8	52	Chronic (19 Day)	2-17-15 #11 Chronic (19 Day) Charles River CF-1 female Experimental	Experimental	female	2/17/15	"#9,10,11,12 in same cage"	Texas Tech	Texas Tech	73.9	12	1.719	220.4	36	13.565	19.273	0.023	0.062	12	0	331.1	44	47.7	0	268.9	44	19.086	0.071	23	29	33.786	0.056	477.4	37	26.454	0.055	86.7	33	4.231	0.049	65	77.2	7	6.6	1	7.9	2	22.2
D156	21.5	22.2	8/9/16	jej	11	Exp	Chronic 2-17-15 Female	CGTGATCCGCTA	CCGGACTACHVGGGTWTCTAAT	2	D8	52	Chronic (19 Day)	2-17-15 #11 Chronic (19 Day) Charles River CF-1 female Experimental	Experimental	female	2/17/15	"#9,10,11,12 in same cage"	Texas Tech	Texas Tech	73.9	12	1.719	220.4	36	13.565	19.273	0.023	0.062	12	0	331.1	44	47.7	0	268.9	44	19.086	0.071	23	29	33.786	0.056	477.4	37	26.454	0.055	86.7	33	4.231	0.049	65	77.2	7	6.6	1	7.9	2	22.2
D157	21.5	22.2	8/9/16	duo	11	Exp	Chronic 2-17-15 Female	AGCTATGTATGG	CCGGACTACHVGGGTWTCTAAT	2	E8	52	Chronic (19 Day)	2-17-15 #11 Chronic (19 Day) Charles River CF-1 female Experimental	Experimental	female	2/17/15	"#9,10,11,12 in same cage"	Texas Tech	Texas Tech	73.9	12	1.719	220.4	36	13.565	19.273	0.023	0.062	12	0	331.1	44	47.7	0	268.9	44	19.086	0.071	23	29	33.786	0.056	477.4	37	26.454	0.055	86.7	33	4.231	0.049	65	77.2	7	6.6	1	7.9	2	22.2
D158	26.9	25.8	8/9/16	ileum	12	Exp	Chronic 2-17-15 Female	CACCTTACCTTA	CCGGACTACHVGGGTWTCTAAT	2	F8	53	Chronic (19 Day)	2-17-15 #12 Chronic (19 Day) Charles River CF-1 female Experimental	Experimental	female	2/17/15	"#9,10,11,12 in same cage"	Texas Tech	Texas Tech	168.2	16	4.815	200.9	33	14.293	23.079	0.029	0.071	17	0	419.7	23	90.9	5.7	180.3	23	14.191	0.079	21	27.6	48.174	0.08	529.5	40	39.891	0.075	40.8	34	4.497	0.11	108	161.7	4	10.7	3	28.5	0	0
D159	26.9	25.8	8/9/16	jej	12	Exp	Chronic 2-17-15 Female	TCGTCAAACCCG	CCGGACTACHVGGGTWTCTAAT	2	G8	53	Chronic (19 Day)	2-17-15 #12 Chronic (19 Day) Charles River CF-1 female Experimental	Experimental	female	2/17/15	"#9,10,11,12 in same cage"	Texas Tech	Texas Tech	168.2	16	4.815	200.9	33	14.293	23.079	0.029	0.071	17	0	419.7	23	90.9	5.7	180.3	23	14.191	0.079	21	27.6	48.174	0.08	529.5	40	39.891	0.075	40.8	34	4.497	0.11	108	161.7	4	10.7	3	28.5	0	0
D160	26.9	25.8	8/9/16	duo	12	Exp	Chronic 2-17-15 Female	TATGTGCCGGCT	CCGGACTACHVGGGTWTCTAAT	2	H8	53	Chronic (19 Day)	2-17-15 #12 Chronic (19 Day) Charles River CF-1 female Experimental	Experimental	female	2/17/15	"#9,10,11,12 in same cage"	Texas Tech	Texas Tech	168.2	16	4.815	200.9	33	14.293	23.079	0.029	0.071	17	0	419.7	23	90.9	5.7	180.3	23	14.191	0.079	21	27.6	48.174	0.08	529.5	40	39.891	0.075	40.8	34	4.497	0.11	108	161.7	4	10.7	3	28.5	0	0
