#SampleID	BarcodeSequence	LinkerPrimerSequence	Barcode	Barcode ID	Species	Sex	Project	Mouse/humanID	Code (relates to time points)	ID-code	Time Point	Group	Donor	Group-Donor	Pre_Antibiotic_Weight	Post_Antibiotic_Weight	Post_Colonization_Weight	Post_Probiotic_Weight	Diet during post WD phase	Cohort	Date of fecal collection 	Description
257	CCAGATATAGCA	AATGATACGGCGACCACCGAGATCTACACGCCTCCCTCGCGCCATCAGAGATGTG	806rcbc257	257	Human 	F	SAN	1H	SAN	1H-SAN	Human	Lean	SAN1	Lean1	NA	NA	NA	NA	NA	NA	NA	11A
258	GAGAGTCCACTT	AATGATACGGCGACCACCGAGATCTACACGCCTCCCTCGCGCCATCAGAGATGTG	806rcbc258	258	Human 	F	SAN	2H	SAN	2H-SAN	Human	Lean	SAN2	Lean2	NA	NA	NA	NA	NA	NA	NA	11C
259	GAACGGGACGTA	AATGATACGGCGACCACCGAGATCTACACGCCTCCCTCGCGCCATCAGAGATGTG	806rcbc259	259	Human 	F	SAN	4H	SAN	4H-SAN	Human	Lean	SAN4	Lean4	NA	NA	NA	NA	NA	NA	NA	11D
260	ACGTGTAGGCTT	AATGATACGGCGACCACCGAGATCTACACGCCTCCCTCGCGCCATCAGAGATGTG	806rcbc260	260	Human 	F	SAN	5H	SAN	5H-SAN	Human	Obese	SAN5	Obese5	NA	NA	NA	NA	NA	NA	NA	13C
261	GGTCTCCTACAG	AATGATACGGCGACCACCGAGATCTACACGCCTCCCTCGCGCCATCAGAGATGTG	806rcbc261	261	Human 	F	SAN	6H	SAN	6H-SAN	Human	Obese	SAN6	Obese6	NA	NA	NA	NA	NA	NA	NA	16C
262	ACTGACTTAAGG	AATGATACGGCGACCACCGAGATCTACACGCCTCCCTCGCGCCATCAGAGATGTG	806rcbc262	262	Human 	F	SAN	7H	SAN	7H-SAN	Human	Obese	SAN7	Obese7	NA	NA	NA	NA	NA	NA	NA	18C
263	GATGCTGCCGTT	AATGATACGGCGACCACCGAGATCTACACGCCTCCCTCGCGCCATCAGAGATGTG	806rcbc263	263	Human 	F	SAN	8H	SAN	8H-SAN	Human	Obese w/ T2DM	SAN8	Obesew/T2DM8	NA	NA	NA	NA	NA	NA	NA	20A
264	TTCCTAGGCCAG	AATGATACGGCGACCACCGAGATCTACACGCCTCCCTCGCGCCATCAGAGATGTG	806rcbc264	264	Human 	F	SAN	9H	SAN	9H-SAN	Human	Lean	SAN9	Lean9	NA	NA	NA	NA	NA	NA	NA	20C
265	ATTAAGCCTGGA	AATGATACGGCGACCACCGAGATCTACACGCCTCCCTCGCGCCATCAGAGATGTG	806rcbc265	265	Human 	F	SAN	10H	SAN	10H-SAN	Human	Obese w/ T2DM	SAN10	Obesew/T2DM10	NA	NA	NA	NA	NA	NA	NA	21C
266	TGGCTTTCTATC	AATGATACGGCGACCACCGAGATCTACACGCCTCCCTCGCGCCATCAGAGATGTG	806rcbc266	266	Human 	F	SAN	11H	SAN	11H-SAN	Human	Lean	SAN11	Lean11	NA	NA	NA	NA	NA	NA	NA	24A
267	ACAGCTCAAACA	AATGATACGGCGACCACCGAGATCTACACGCCTCCCTCGCGCCATCAGAGATGTG	806rcbc267	267	Human 	F	SAN	12H	SAN	12H-SAN	Human	Lean	SAN12	Lean12	NA	NA	NA	NA	NA	NA	NA	24C
268	GAGCGTATCCAT	AATGATACGGCGACCACCGAGATCTACACGCCTCCCTCGCGCCATCAGAGATGTG	806rcbc268	268	Human 	F	SAN	13H	SAN	13H-SAN	Human	Obese w/ T2DM	SAN13	Obesew/T2DM13	NA	NA	NA	NA	NA	NA	NA	25C
269	ATGGGCGAATGG	AATGATACGGCGACCACCGAGATCTACACGCCTCCCTCGCGCCATCAGAGATGTG	806rcbc269	269	Human 	F	SAN	14H	SAN	14H-SAN	Human	Obese	SAN14	Obese14	NA	NA	NA	NA	NA	NA	NA	13D
270	GATCTCTGGGTA	AATGATACGGCGACCACCGAGATCTACACGCCTCCCTCGCGCCATCAGAGATGTG	806rcbc270	270	Human 	F	SAN	15H	SAN	15H-SAN	Human	Obese w/ T2DM	SAN15	Obesew/T2DM15	NA	NA	NA	NA	NA	NA	NA	16D
271	CATCATACGGGT	AATGATACGGCGACCACCGAGATCTACACGCCTCCCTCGCGCCATCAGAGATGTG	806rcbc271	271	Human 	F	SAN	16H	SAN	16H-SAN	Human	Obese	SAN16	Obese16	NA	NA	NA	NA	NA	NA	NA	18D
272	TACGGATTATGG	AATGATACGGCGACCACCGAGATCTACACGCCTCCCTCGCGCCATCAGAGATGTG	806rcbc272	272	Human 	F	SAN	17H	SAN	17H-SAN	Human	Obese	SAN17	Obese17	NA	NA	NA	NA	NA	NA	NA	20D
273	ATAGCGAACTCA	AATGATACGGCGACCACCGAGATCTACACGCCTCCCTCGCGCCATCAGAGATGTG	806rcbc273	273	Human 	F	SAN	18H	SAN	18H-SAN	Human	Obese w/ T2DM	SAN18	Obesew/T2DM18	NA	NA	NA	NA	NA	NA	NA	21D
274	TAACGCTGTGTG	AATGATACGGCGACCACCGAGATCTACACGCCTCCCTCGCGCCATCAGAGATGTG	806rcbc274	274	Human 	F	SAN	19H	SAN	19H-SAN	Human	Obese w/ T2DM	SAN19	Obesew/T2DM19	NA	NA	NA	NA	NA	NA	NA	24D
226	GGAATCCGATTA	AATGATACGGCGACCACCGAGATCTACACGCCTCCCTCGCGCCATCAGAGATGTG	806rcbc226	226	Mouse	F	SAN	36	B	36B	post-Antibiotics	Obese	SAN14	Obese14	NA	23.3	NA	NA	NA	NA	NA	25D
227	CACCCGATGGTT	AATGATACGGCGACCACCGAGATCTACACGCCTCCCTCGCGCCATCAGAGATGTG	806rcbc227	227	Mouse	F	SAN	26	B	26B	post-Antibiotics	Obese w/ T2DM	SAN8	Obesew/T2DM8	NA	22.1	NA	NA	NA	NA	NA	26A
228	TTCTGAGAGGTA	AATGATACGGCGACCACCGAGATCTACACGCCTCCCTCGCGCCATCAGAGATGTG	806rcbc228	228	Mouse	F	SAN	42	B	42B	post-Antibiotics	Obese	SAN16	Obese16	NA	23.9	NA	NA	NA	NA	NA	36A
205	GACTTCATGCGA	AATGATACGGCGACCACCGAGATCTACACGCCTCCCTCGCGCCATCAGAGATGTG	806rcbc205	205	Mouse	F	SAN	11	C	11C	post-colonization	Lean	SAN9	Lean9	NA	NA	22.65	NA	NA	NA	NA	42A
207	ACTGATGGCCTC	AATGATACGGCGACCACCGAGATCTACACGCCTCCCTCGCGCCATCAGAGATGTG	806rcbc207	207	Mouse	F	SAN	13	C	13C	post-colonization	Lean	SAN1	Lean1	NA	NA	22.05	NA	NA	NA	NA	36B
208	TTCGATGCCGCA	AATGATACGGCGACCACCGAGATCTACACGCCTCCCTCGCGCCATCAGAGATGTG	806rcbc208	208	Mouse	F	SAN	16	C	16C	post-colonization	Lean	SAN4	Lean4	NA	NA	21.3	NA	NA	NA	NA	26B
209	TGTGGCTCGTGT	AATGATACGGCGACCACCGAGATCTACACGCCTCCCTCGCGCCATCAGAGATGTG	806rcbc209	209	Mouse	F	SAN	18	C	18C	post-colonization	Obese	SAN6	Obese6	NA	NA	21.75	NA	NA	NA	NA	42B
211	TGCACGTGATAA	AATGATACGGCGACCACCGAGATCTACACGCCTCCCTCGCGCCATCAGAGATGTG	806rcbc211	211	Mouse	F	SAN	20	C	20C	post-colonization	Obese	SAN5	Obese5	NA	NA	23.65	NA	NA	NA	NA	28C
212	GTTCGGTGTCCA	AATGATACGGCGACCACCGAGATCTACACGCCTCCCTCGCGCCATCAGAGATGTG	806rcbc212	212	Mouse	F	SAN	21	C	21C	post-colonization	Obese	SAN7	Obese7	NA	NA	22.9	NA	NA	NA	NA	31C
214	ATTGACCGGTCA	AATGATACGGCGACCACCGAGATCTACACGCCTCCCTCGCGCCATCAGAGATGTG	806rcbc214	214	Mouse	F	SAN	24	C	24C	post-colonization	Lean	SAN2	Lean2	NA	NA	22.65	NA	NA	NA	NA	33C
215	TTCTCCATCACA	AATGATACGGCGACCACCGAGATCTACACGCCTCCCTCGCGCCATCAGAGATGTG	806rcbc215	215	Mouse	F	SAN	25	C	25C	post-colonization	Obese w/ T2DM	SAN8	Obesew/T2DM8	NA	NA	22.1	NA	NA	NA	NA	34C
229	ATCCCTACGGAA	AATGATACGGCGACCACCGAGATCTACACGCCTCCCTCGCGCCATCAGAGATGTG	806rcbc229	229	Mouse	F	SAN	28	C	28C	post-colonization	NA	NA	NA	NA	NA	NA	NA	NA	NA	NA	36C
230	GGTTCCATTAGG	AATGATACGGCGACCACCGAGATCTACACGCCTCCCTCGCGCCATCAGAGATGTG	806rcbc230	230	Mouse	F	SAN	31	C	31C	post-colonization	NA	NA	NA	NA	NA	NA	NA	NA	NA	NA	39C
231	GTGTTCCCAGAA	AATGATACGGCGACCACCGAGATCTACACGCCTCCCTCGCGCCATCAGAGATGTG	806rcbc231	231	Mouse	F	SAN	33	C	33C	post-colonization	Obese w/ T2DM	SAN13	Obesew/T2DM13	NA	NA	25.15	NA	NA	NA	NA	40C
232	CCGAGGTATAAT	AATGATACGGCGACCACCGAGATCTACACGCCTCCCTCGCGCCATCAGAGATGTG	806rcbc232	232	Mouse	F	SAN	34	C	34C	post-colonization	Obese w/ T2DM	SAN13	Obesew/T2DM13	NA	NA	22	NA	NA	NA	NA	41C
233	AGCGTAATTAGC	AATGATACGGCGACCACCGAGATCTACACGCCTCCCTCGCGCCATCAGAGATGTG	806rcbc233	233	Mouse	F	SAN	36	C	36C	post-colonization	Obese	SAN14	Obese14	NA	NA	24.5	NA	NA	NA	NA	42C
234	CTCGTGAATGAC	AATGATACGGCGACCACCGAGATCTACACGCCTCCCTCGCGCCATCAGAGATGTG	806rcbc234	234	Mouse	F	SAN	39	C	39C	post-colonization	Obese w/ T2DM	SAN15	Obesew/T2DM15	NA	NA	20.75	NA	NA	NA	NA	46C
235	AGGTGAGTTCTA	AATGATACGGCGACCACCGAGATCTACACGCCTCCCTCGCGCCATCAGAGATGTG	806rcbc235	235	Mouse	F	SAN	40	C	40C	post-colonization	Obese w/ T2DM	SAN15	Obesew/T2DM15	NA	NA	22.45	NA	NA	NA	NA	45C
236	CCTGTCCTATCT	AATGATACGGCGACCACCGAGATCTACACGCCTCCCTCGCGCCATCAGAGATGTG	806rcbc236	236	Mouse	F	SAN	41	C	41C	post-colonization	Obese	SAN16	Obese16	NA	NA	21.9	NA	NA	NA	NA	26D
237	GGTTTAACACGC	AATGATACGGCGACCACCGAGATCTACACGCCTCCCTCGCGCCATCAGAGATGTG	806rcbc237	237	Mouse	F	SAN	42	C	42C	post-colonization	Obese	SAN16	Obese16	NA	NA	24.5	NA	NA	NA	NA	27D
238	AGACAGTAGGAG	AATGATACGGCGACCACCGAGATCTACACGCCTCCCTCGCGCCATCAGAGATGTG	806rcbc238	238	Mouse	F	SAN	46	C	46C	post-colonization	Obese w/ T2DM	SAN19	Obesew/T2DM19	NA	NA	22.4	NA	NA	NA	NA	30D
239	GCCACGACTTAC	AATGATACGGCGACCACCGAGATCTACACGCCTCCCTCGCGCCATCAGAGATGTG	806rcbc239	239	Mouse	F	SAN	45	C	45C	post-colonization	Obese w/ T2DM	SAN19	Obesew/T2DM19	NA	NA	22.1	NA	NA	NA	NA	33D
254	CGATAGGCCTTA	AATGATACGGCGACCACCGAGATCTACACGCCTCCCTCGCGCCATCAGAGATGTG	806rcbc254	254	Mouse	F	SAN	27	C	27C	post-colonization	Obese w/ T2DM	SAN10	Obesew/T2DM10	NA	NA	21.45	NA	NA	NA	NA	34D
255	AATGACCTCGTG	AATGATACGGCGACCACCGAGATCTACACGCCTCCCTCGCGCCATCAGAGATGTG	806rcbc255	255	Mouse	F	SAN	30	C	30C	post-colonization	Obese w/ T2DM	SAN10	Obesew/T2DM10	NA	NA	22.75	NA	NA	NA	NA	36D
206	GCCTGTCTGCAA	AATGATACGGCGACCACCGAGATCTACACGCCTCCCTCGCGCCATCAGAGATGTG	806rcbc206	206	Mouse	F	SAN	11	D	11D	post-probiotics	Lean	SAN9	Lean9	NA	NA	NA	23.65	NA	NA	NA	37D
216	CGTAGGTAGAGG	AATGATACGGCGACCACCGAGATCTACACGCCTCCCTCGCGCCATCAGAGATGTG	806rcbc216	216	Mouse	F	SAN	13	D	13D	post-probiotics	Lean	SAN1	Lean1	NA	NA	NA	NA	NA	NA	NA	39D
217	ATTTAGGACGAC	AATGATACGGCGACCACCGAGATCTACACGCCTCCCTCGCGCCATCAGAGATGTG	806rcbc217	217	Mouse	F	SAN	16	D	16D	post-probiotics	Lean	SAN4	Lean4	NA	NA	NA	23	NA	NA	NA	40D
218	GGATAGCCAAGG	AATGATACGGCGACCACCGAGATCTACACGCCTCCCTCGCGCCATCAGAGATGTG	806rcbc218	218	Mouse	F	SAN	18	D	18D	post-probiotics	Obese	SAN6	Obese6	NA	NA	NA	22.25	NA	NA	NA	41D
219	TGGTTGGTTACG	AATGATACGGCGACCACCGAGATCTACACGCCTCCCTCGCGCCATCAGAGATGTG	806rcbc219	219	Mouse	F	SAN	20	D	20D	post-probiotics	Obese	SAN5	Obese5	NA	NA	NA	26.95	NA	NA	NA	42D
220	GTCGTCCAAATG	AATGATACGGCGACCACCGAGATCTACACGCCTCCCTCGCGCCATCAGAGATGTG	806rcbc220	220	Mouse	F	SAN	21	D	21D	post-probiotics	Obese	SAN7	Obese7	NA	NA	NA	23.1	NA	NA	NA	45D
221	CAACGTGCTCCA	AATGATACGGCGACCACCGAGATCTACACGCCTCCCTCGCGCCATCAGAGATGTG	806rcbc221	221	Mouse	F	SAN	24	D	24D	post-probiotics	Lean	SAN2	Lean2	NA	NA	NA	23.3	NA	NA	NA	46D
222	TACACAAGTCGC	AATGATACGGCGACCACCGAGATCTACACGCCTCCCTCGCGCCATCAGAGATGTG	806rcbc222	222	Mouse	F	SAN	25	D	25D	post-probiotics	Obese w/ T2DM	SAN8	Obesew/T2DM8	NA	NA	NA	23.5	NA	NA	NA	27C
241	GCCGTAAACTTG	AATGATACGGCGACCACCGAGATCTACACGCCTCCCTCGCGCCATCAGAGATGTG	806rcbc241	241	Mouse	F	SAN	26	D	26D	post-probiotics	Obese w/ T2DM	SAN8	Obesew/T2DM8	NA	NA	NA	23.05	NA	NA	NA	30C
242	GCAGATTTCCAG	AATGATACGGCGACCACCGAGATCTACACGCCTCCCTCGCGCCATCAGAGATGTG	806rcbc242	242	Mouse	F	SAN	27	D	27D	post-probiotics	Obese w/ T2DM	SAN10	Obesew/T2DM10	NA	NA	NA	21.7	NA	NA	NA	1H-SAN
243	AGATGATCAGTC	AATGATACGGCGACCACCGAGATCTACACGCCTCCCTCGCGCCATCAGAGATGTG	806rcbc243	243	Mouse	F	SAN	30	D	30D	post-probiotics	Obese w/ T2DM	SAN10	Obesew/T2DM10	NA	NA	NA	23.8	NA	NA	NA	2H-SAN
244	GAGACGTGTTCT	AATGATACGGCGACCACCGAGATCTACACGCCTCCCTCGCGCCATCAGAGATGTG	806rcbc244	244	Mouse	F	SAN	33	D	33D	post-probiotics	Obese w/ T2DM	SAN13	Obesew/T2DM13	NA	NA	NA	24.65	NA	NA	NA	4H-SAN
245	TATCACCGGCAC	AATGATACGGCGACCACCGAGATCTACACGCCTCCCTCGCGCCATCAGAGATGTG	806rcbc245	245	Mouse	F	SAN	34	D	34D	post-probiotics	Obese w/ T2DM	SAN13	Obesew/T2DM13	NA	NA	NA	22.9	NA	NA	NA	5H-SAN
246	TATGCCAGAGAT	AATGATACGGCGACCACCGAGATCTACACGCCTCCCTCGCGCCATCAGAGATGTG	806rcbc246	246	Mouse	F	SAN	36	D	36D	post-probiotics	Obese	SAN14	Obese14	NA	NA	NA	25.7	NA	NA	NA	6H-SAN
247	AGGTCCAAATCA	AATGATACGGCGACCACCGAGATCTACACGCCTCCCTCGCGCCATCAGAGATGTG	806rcbc247	247	Mouse	F	SAN	37	D	37D	post-probiotics	Obese	SAN14	Obese14	NA	NA	NA	24.35	NA	NA	NA	7H-SAN
248	ACCGTGCTCACA	AATGATACGGCGACCACCGAGATCTACACGCCTCCCTCGCGCCATCAGAGATGTG	806rcbc248	248	Mouse	F	SAN	39	D	39D	post-probiotics	Obese w/ T2DM	SAN15	Obesew/T2DM15	NA	NA	NA	22.25	NA	NA	NA	8H-SAN
249	CTCCCTTTGTGT	AATGATACGGCGACCACCGAGATCTACACGCCTCCCTCGCGCCATCAGAGATGTG	806rcbc249	249	Mouse	F	SAN	40	D	40D	post-probiotics	Obese w/ T2DM	SAN15	Obesew/T2DM15	NA	NA	NA	22.9	NA	NA	NA	9H-SAN
250	AGCTGCACCTAA	AATGATACGGCGACCACCGAGATCTACACGCCTCCCTCGCGCCATCAGAGATGTG	806rcbc250	250	Mouse	F	SAN	41	D	41D	post-probiotics	Obese	SAN16	Obese16	NA	NA	NA	21.8	NA	NA	NA	10H-SAN
251	CCTTGACCGATG	AATGATACGGCGACCACCGAGATCTACACGCCTCCCTCGCGCCATCAGAGATGTG	806rcbc251	251	Mouse	F	SAN	42	D	42D	post-probiotics	Obese	SAN16	Obese16	NA	NA	NA	25.85	NA	NA	NA	11H-SAN
252	CTATCATCCTCA	AATGATACGGCGACCACCGAGATCTACACGCCTCCCTCGCGCCATCAGAGATGTG	806rcbc252	252	Mouse	F	SAN	45	D	45D	post-probiotics	Obese w/ T2DM	SAN19	Obesew/T2DM19	NA	NA	NA	22.85	NA	NA	NA	12H-SAN
253	ACTCTAGCCGGT	AATGATACGGCGACCACCGAGATCTACACGCCTCCCTCGCGCCATCAGAGATGTG	806rcbc253	253	Mouse	F	SAN	46	D	46D	post-probiotics	Obese w/ T2DM	SAN19	Obesew/T2DM19	NA	NA	NA	22.9	NA	NA	NA	13H-SAN
204	AGGGTGACTTTA	AATGATACGGCGACCACCGAGATCTACACGCCTCCCTCGCGCCATCAGAGATGTG	806rcbc204	204	Mouse	F	SAN	11	A	11A	pre-Antibiotics	Lean	SAN9	Lean9	19.95	NA	NA	NA	NA	NA	NA	14H-SAN
210	AACTTTCAGGAG	AATGATACGGCGACCACCGAGATCTACACGCCTCCCTCGCGCCATCAGAGATGTG	806rcbc210	210	Mouse	F	SAN	20	A	20A	pre-Antibiotics	Obese	SAN5	Obese5	20.6	NA	NA	NA	NA	NA	NA	15H-SAN
213	AAGACAGCTATC	AATGATACGGCGACCACCGAGATCTACACGCCTCCCTCGCGCCATCAGAGATGTG	806rcbc213	213	Mouse	F	SAN	24	A	24A	pre-Antibiotics	Lean	SAN2	Lean2	19.65	NA	NA	NA	NA	NA	NA	16H-SAN
223	GCGTCCATGAAT	AATGATACGGCGACCACCGAGATCTACACGCCTCCCTCGCGCCATCAGAGATGTG	806rcbc223	223	Mouse	F	SAN	26	A	26A	pre-Antibiotics	Obese w/ T2DM	SAN8	Obesew/T2DM8	20.55	NA	NA	NA	NA	NA	NA	17H-SAN
224	GTAATGCGTAAC	AATGATACGGCGACCACCGAGATCTACACGCCTCCCTCGCGCCATCAGAGATGTG	806rcbc224	224	Mouse	F	SAN	36	A	36A	pre-Antibiotics	Obese	SAN14	Obese14	19.9	NA	NA	NA	NA	NA	NA	18H-SAN
225	GTCGCCGTACAT	AATGATACGGCGACCACCGAGATCTACACGCCTCCCTCGCGCCATCAGAGATGTG	806rcbc225	225	Mouse	F	SAN	42	A	42A	pre-Antibiotics	Obese	SAN16	Obese16	22.2	NA	NA	NA	NA	NA	NA	19H-SAN
