#SampleID	BarcodeSequence	LinkerPrimerSequence	Barcode	Barcode_ID	Species	Sex	Mouse_human_ID	Weightgain_time3	Baseline_weight	Weightgain_week1	weightgain_week2	weightgain_week3	weightgain_week4	Weightgain_time4	Weight_prior_WD	Mouse_GLP1_baseline	Mouse_GLP1_1week	Mouse_GLP1_4week	Timepoint_code	ID_code	Time_Point	Group	Donor	Group_Donor	Diet_post_WD_phase	Cohort	Date_of_fecal_collection	Human_GLP1	Human_GLP2	Human_PYY	Human_CA	Human_DCA	Human_CDCA	Human_TB	Description 
111	AGCTGTCAAGCT	AATGATACGGCGACCACCGAGATCTACACGCCTCCCTCGCGCCATCAGAGATGTG	806rcbc111	111	Mouse	F	24	NA	23.54	NA	NA	NA	NA	NA	NA	NA	NA	NA	0	24-0	pre-Antibiotics	PWL	NA	NA	NA	1	4/12/17	NA	NA	NA	NA	NA	NA	NA	24-0
96	GATCCCACGTAC	AATGATACGGCGACCACCGAGATCTACACGCCTCCCTCGCGCCATCAGAGATGTG	806rcbc95	95	Mouse	F	25	NA	21.79	NA	NA	NA	NA	NA	NA	26.54	NA	NA	0	25-0	pre-Antibiotics	GWL	NA	NA	NA	2	4/12/17	NA	NA	NA	NA	NA	NA	NA	25-0
97	TACCGCTTCTTC	AATGATACGGCGACCACCGAGATCTACACGCCTCCCTCGCGCCATCAGAGATGTG	806rcbc96	96	Mouse	F	26	NA	24.24	NA	NA	NA	NA	NA	NA	32.395	NA	NA	0	26-0	pre-Antibiotics	PWL	NA	NA	NA	2	4/12/17	NA	NA	NA	NA	NA	NA	NA	26-0
98	TGTGCGATAACA	AATGATACGGCGACCACCGAGATCTACACGCCTCCCTCGCGCCATCAGAGATGTG	806rcbc97	97	Mouse	F	27	NA	23.05	NA	NA	NA	NA	NA	NA	19.985	NA	NA	0	27-0	pre-Antibiotics	GWL	NA	NA	NA	2	4/12/17	NA	NA	NA	NA	NA	NA	NA	27-0
99	GATTATCGACGA	AATGATACGGCGACCACCGAGATCTACACGCCTCCCTCGCGCCATCAGAGATGTG	806rcbc98	98	Mouse	F	28	NA	20.87	NA	NA	NA	NA	NA	NA	26.755	NA	NA	0	28-0	pre-Antibiotics	PWL	NA	NA	NA	2	4/12/17	NA	NA	NA	NA	NA	NA	NA	28-0
100	GCCTAGCCCAAT	AATGATACGGCGACCACCGAGATCTACACGCCTCCCTCGCGCCATCAGAGATGTG	806rcbc99	99	Mouse	F	29	NA	22.94	NA	NA	NA	NA	NA	NA	NA	NA	NA	0	29-0	pre-Antibiotics	GWL	NA	NA	NA	2	4/12/17	NA	NA	NA	NA	NA	NA	NA	29-0
101	ACTCCTTGTGTT	AATGATACGGCGACCACCGAGATCTACACGCCTCCCTCGCGCCATCAGAGATGTG	806rcbc101	101	Mouse	F	30	NA	22.82	NA	NA	NA	NA	NA	NA	32.395	NA	NA	0	30-0	pre-Antibiotics	PWL	NA	NA	NA	2	4/12/17	NA	NA	NA	NA	NA	NA	NA	30-0
102	GTCACGGACATT	AATGATACGGCGACCACCGAGATCTACACGCCTCCCTCGCGCCATCAGAGATGTG	806rcbc102	102	Mouse	F	31	NA	22.94	NA	NA	NA	NA	NA	NA	NA	NA	NA	0	31-0	pre-Antibiotics	GWL	NA	NA	NA	2	4/12/17	NA	NA	NA	NA	NA	NA	NA	31-0
103	GCGAGCGAAGTA	AATGATACGGCGACCACCGAGATCTACACGCCTCCCTCGCGCCATCAGAGATGTG	806rcbc103	103	Mouse	F	32	NA	20.17	NA	NA	NA	NA	NA	NA	33.26	NA	NA	0	32-0	pre-Antibiotics	GWL	NA	NA	NA	2	4/12/17	NA	NA	NA	NA	NA	NA	NA	32-0
104	ATCTACCGAAGC	AATGATACGGCGACCACCGAGATCTACACGCCTCCCTCGCGCCATCAGAGATGTG	806rcbc104	104	Mouse	F	33	NA	20.97	NA	NA	NA	NA	NA	NA	22.395	NA	NA	0	33-0	pre-Antibiotics	GWL	NA	NA	NA	2	4/12/17	NA	NA	NA	NA	NA	NA	NA	33-0
105	ACTTGGTGTAAG	AATGATACGGCGACCACCGAGATCTACACGCCTCCCTCGCGCCATCAGAGATGTG	806rcbc105	105	Mouse	F	34	NA	21.07	NA	NA	NA	NA	NA	NA	25.45	NA	NA	0	34-0	pre-Antibiotics	PWL	NA	NA	NA	2	4/12/17	NA	NA	NA	NA	NA	NA	NA	34-0
106	TCTTGGAGGTCA	AATGATACGGCGACCACCGAGATCTACACGCCTCCCTCGCGCCATCAGAGATGTG	806rcbc106	106	Mouse	F	35	NA	22.17	NA	NA	NA	NA	NA	NA	24.3	NA	NA	0	35-0	pre-Antibiotics	GWL	NA	NA	NA	2	4/12/17	NA	NA	NA	NA	NA	NA	NA	35-0
107	TCACCTCCTTGT	AATGATACGGCGACCACCGAGATCTACACGCCTCCCTCGCGCCATCAGAGATGTG	806rcbc107	107	Mouse	F	36	NA	22.17	NA	NA	NA	NA	NA	NA	20.425	NA	NA	0	36-0	pre-Antibiotics	PWL	NA	NA	NA	2	4/12/17	NA	NA	NA	NA	NA	NA	NA	36-0
108	GCACACCTGATA	AATGATACGGCGACCACCGAGATCTACACGCCTCCCTCGCGCCATCAGAGATGTG	806rcbc108	108	Mouse	F	37	NA	24.32	NA	NA	NA	NA	NA	NA	23.485	NA	NA	0	37-0	pre-Antibiotics	GWL	NA	NA	NA	2	4/12/17	NA	NA	NA	NA	NA	NA	NA	37-0
109	GCGACAATTACA	AATGATACGGCGACCACCGAGATCTACACGCCTCCCTCGCGCCATCAGAGATGTG	806rcbc109	109	Mouse	F	38	NA	24.13	NA	NA	NA	NA	NA	NA	30.345	NA	NA	0	38-0	pre-Antibiotics	PWL	NA	NA	NA	2	4/12/17	NA	NA	NA	NA	NA	NA	NA	38-0
110	TCATGCTCCATT	AATGATACGGCGACCACCGAGATCTACACGCCTCCCTCGCGCCATCAGAGATGTG	806rcbc110	110	Mouse	F	39	NA	21.26	NA	NA	NA	NA	NA	NA	27.095	NA	NA	0	39-0	pre-Antibiotics	GWL	NA	NA	NA	2	4/12/17	NA	NA	NA	NA	NA	NA	NA	39-0
38	TGCAGTCCTCGA	AATGATACGGCGACCACCGAGATCTACACGCCTCCCTCGCGCCATCAGAGATGTG	806rcbc37	37	Mouse	F	40	NA	21.83	NA	NA	NA	NA	NA	NA	NA	NA	NA	0	40-0	pre-Antibiotics	Ctrl	NA	NA	NA	3	6/2/17	NA	NA	NA	NA	NA	NA	NA	40-0
39	ACCATAGCTCCG	AATGATACGGCGACCACCGAGATCTACACGCCTCCCTCGCGCCATCAGAGATGTG	806rcbc38	38	Mouse	F	41	NA	21.77	NA	NA	NA	NA	NA	NA	NA	NA	NA	0	41-0	pre-Antibiotics	Ctrl	NA	NA	NA	3	6/2/17	NA	NA	NA	NA	NA	NA	NA	41-0
40	TCGACATCTCTT	AATGATACGGCGACCACCGAGATCTACACGCCTCCCTCGCGCCATCAGAGATGTG	806rcbc39	39	Mouse	F	42	NA	21.79	NA	NA	NA	NA	NA	NA	NA	NA	NA	0	42-0	pre-Antibiotics	Ctrl	NA	NA	NA	3	6/2/17	NA	NA	NA	NA	NA	NA	NA	42-0
41	GAACACTTTGGA	AATGATACGGCGACCACCGAGATCTACACGCCTCCCTCGCGCCATCAGAGATGTG	806rcbc40	40	Mouse	F	43	NA	22.95	NA	NA	NA	NA	NA	NA	NA	NA	NA	0	43-0	pre-Antibiotics	Ctrl	NA	NA	NA	3	6/2/17	NA	NA	NA	NA	NA	NA	NA	43-0
42	GAGCCATCTGTA	AATGATACGGCGACCACCGAGATCTACACGCCTCCCTCGCGCCATCAGAGATGTG	806rcbc41	41	Mouse	F	44	NA	22.15	NA	NA	NA	NA	NA	NA	NA	NA	NA	0	44-0	pre-Antibiotics	Ctrl	NA	NA	NA	3	6/2/17	NA	NA	NA	NA	NA	NA	NA	44-0
43	TTGGGTACACGT	AATGATACGGCGACCACCGAGATCTACACGCCTCCCTCGCGCCATCAGAGATGTG	806rcbc42	42	Mouse	F	45	NA	21.86	NA	NA	NA	NA	NA	NA	NA	NA	NA	0	45-0	pre-Antibiotics	Ctrl	NA	NA	NA	3	6/2/17	NA	NA	NA	NA	NA	NA	NA	45-0
44	AAGGCGCTCCTT	AATGATACGGCGACCACCGAGATCTACACGCCTCCCTCGCGCCATCAGAGATGTG	806rcbc43	43	Mouse	F	47	NA	22.83	NA	NA	NA	NA	NA	NA	NA	NA	NA	0	47-0	pre-Antibiotics	Ctrl	NA	NA	NA	3	6/2/17	NA	NA	NA	NA	NA	NA	NA	47-0
55	GTCGACAGAGGA	AATGATACGGCGACCACCGAGATCTACACGCCTCCCTCGCGCCATCAGAGATGTG	806rcbc54	54	Mouse	F	48	NA	22.29	NA	NA	NA	NA	NA	NA	NA	NA	NA	0	48-0	pre-Antibiotics	Ctrl	NA	NA	NA	3	6/2/17	NA	NA	NA	NA	NA	NA	NA	48-0
45	TAATACGGATCG	AATGATACGGCGACCACCGAGATCTACACGCCTCCCTCGCGCCATCAGAGATGTG	806rcbc44	44	Mouse	F	49	NA	23.39	NA	NA	NA	NA	NA	NA	NA	NA	NA	0	49-0	pre-Antibiotics	Ctrl	NA	NA	NA	3	6/2/17	NA	NA	NA	NA	NA	NA	NA	49-0
46	TCGGAATTAGAC	AATGATACGGCGACCACCGAGATCTACACGCCTCCCTCGCGCCATCAGAGATGTG	806rcbc45	45	Mouse	F	50	NA	23.03	NA	NA	NA	NA	NA	NA	NA	NA	NA	0	50-0	pre-Antibiotics	Ctrl	NA	NA	NA	3	6/2/17	NA	NA	NA	NA	NA	NA	NA	50-0
47	TGTGAATTCGGA	AATGATACGGCGACCACCGAGATCTACACGCCTCCCTCGCGCCATCAGAGATGTG	806rcbc46	46	Mouse	F	51	NA	22.98	NA	NA	NA	NA	NA	NA	NA	NA	NA	0	51-0	pre-Antibiotics	Ctrl	NA	NA	NA	3	6/2/17	NA	NA	NA	NA	NA	NA	NA	51-0
48	CATTCGTGGCGT	AATGATACGGCGACCACCGAGATCTACACGCCTCCCTCGCGCCATCAGAGATGTG	806rcbc47	47	Mouse	F	52	NA	NA	NA	NA	NA	NA	NA	NA	NA	NA	NA	0	52-0	pre-Antibiotics	Ctrl	NA	NA	NA	3	6/2/17	NA	NA	NA	NA	NA	NA	NA	52-0
54	ATGATGAGCCTC	AATGATACGGCGACCACCGAGATCTACACGCCTCCCTCGCGCCATCAGAGATGTG	806rcbc53	53	Mouse	F	53	NA	22.78	NA	NA	NA	NA	NA	NA	NA	NA	NA	0	53-0	pre-Antibiotics	Ctrl	NA	NA	NA	3	6/2/17	NA	NA	NA	NA	NA	NA	NA	53-0
53	ACTCACAGGAAT	AATGATACGGCGACCACCGAGATCTACACGCCTCCCTCGCGCCATCAGAGATGTG	806rcbc52	52	Mouse	F	54	NA	22.67	NA	NA	NA	NA	NA	NA	NA	NA	NA	0	54-0	pre-Antibiotics	Ctrl	NA	NA	NA	3	6/2/17	NA	NA	NA	NA	NA	NA	NA	54-0
136	GATGTGGTGTTA	AATGATACGGCGACCACCGAGATCTACACGCCTCCCTCGCGCCATCAGAGATGTG	806rcbc136	136	Mouse	F	10	NA	NA	NA	NA	NA	NA	NA	NA	NA	NA	NA	1	1-Oct	post-Antibiotics	PWL	NA	NA	NA	1	8/16/16	NA	NA	NA	NA	NA	NA	NA	1-Oct
137	CAGAAATGTGTC	AATGATACGGCGACCACCGAGATCTACACGCCTCCCTCGCGCCATCAGAGATGTG	806rcbc137	137	Mouse	F	11	NA	NA	NA	NA	NA	NA	NA	NA	NA	NA	NA	1	1-Nov	post-Antibiotics	PWL	NA	NA	NA	1	8/16/16	NA	NA	NA	NA	NA	NA	NA	1-Nov
138	GTAGAGGTAGAG	AATGATACGGCGACCACCGAGATCTACACGCCTCCCTCGCGCCATCAGAGATGTG	806rcbc138	138	Mouse	F	12	NA	NA	NA	NA	NA	NA	NA	NA	NA	NA	NA	1	1-Dec	post-Antibiotics	PWL	NA	NA	NA	1	8/16/16	NA	NA	NA	NA	NA	NA	NA	1-Dec
139	CGTGATCCGCTA	AATGATACGGCGACCACCGAGATCTACACGCCTCCCTCGCGCCATCAGAGATGTG	806rcbc139	139	Mouse	F	13	NA	NA	NA	NA	NA	NA	NA	NA	NA	NA	NA	1	13-1	post-Antibiotics	GWL	NA	NA	NA	1	8/16/16	NA	NA	NA	NA	NA	NA	NA	13-1
140	GGTTATTTGGCG	AATGATACGGCGACCACCGAGATCTACACGCCTCCCTCGCGCCATCAGAGATGTG	806rcbc140	140	Mouse	F	14	NA	NA	NA	NA	NA	NA	NA	NA	NA	NA	NA	1	14-1	post-Antibiotics	GWL	NA	NA	NA	1	8/16/16	NA	NA	NA	NA	NA	NA	NA	14-1
141	GGATCGTAATAC	AATGATACGGCGACCACCGAGATCTACACGCCTCCCTCGCGCCATCAGAGATGTG	806rcbc141	141	Mouse	F	15	NA	NA	NA	NA	NA	NA	NA	NA	NA	NA	NA	1	15-1	post-Antibiotics	GWL	NA	NA	NA	1	8/16/16	NA	NA	NA	NA	NA	NA	NA	15-1
142	GCATAGCATCAA	AATGATACGGCGACCACCGAGATCTACACGCCTCCCTCGCGCCATCAGAGATGTG	806rcbc142	142	Mouse	F	16	NA	NA	NA	NA	NA	NA	NA	NA	NA	NA	NA	1	16-1	post-Antibiotics	GWL	NA	NA	NA	1	8/16/16	NA	NA	NA	NA	NA	NA	NA	16-1
143	GTGTTAGATGTG	AATGATACGGCGACCACCGAGATCTACACGCCTCCCTCGCGCCATCAGAGATGTG	806rcbc143	143	Mouse	F	17	NA	NA	NA	NA	NA	NA	NA	NA	NA	NA	NA	1	17-1	post-Antibiotics	GWL	NA	NA	NA	1	8/16/16	NA	NA	NA	NA	NA	NA	NA	17-1
144	TTAGAGCCATGC	AATGATACGGCGACCACCGAGATCTACACGCCTCCCTCGCGCCATCAGAGATGTG	806rcbc144	144	Mouse	F	18	NA	NA	NA	NA	NA	NA	NA	NA	NA	NA	NA	1	18-1	post-Antibiotics	GWL	NA	NA	NA	1	8/16/16	NA	NA	NA	NA	NA	NA	NA	18-1
145	TGAACCCTATGG	AATGATACGGCGACCACCGAGATCTACACGCCTCCCTCGCGCCATCAGAGATGTG	806rcbc145	145	Mouse	F	19	NA	NA	NA	NA	NA	NA	NA	NA	NA	NA	NA	1	19-1	post-Antibiotics	PWL	NA	NA	NA	1	8/16/16	NA	NA	NA	NA	NA	NA	NA	19-1
146	AGAGTCTTGCCA	AATGATACGGCGACCACCGAGATCTACACGCCTCCCTCGCGCCATCAGAGATGTG	806rcbc146	146	Mouse	F	20	NA	NA	NA	NA	NA	NA	NA	NA	NA	NA	NA	1	20-1	post-Antibiotics	PWL	NA	NA	NA	1	8/16/16	NA	NA	NA	NA	NA	NA	NA	20-1
147	ACAACACTCCGA	AATGATACGGCGACCACCGAGATCTACACGCCTCCCTCGCGCCATCAGAGATGTG	806rcbc147	147	Mouse	F	21	NA	NA	NA	NA	NA	NA	NA	NA	NA	NA	NA	1	21-1	post-Antibiotics	PWL	NA	NA	NA	1	8/16/16	NA	NA	NA	NA	NA	NA	NA	21-1
148	CGATGCTGTTGA	AATGATACGGCGACCACCGAGATCTACACGCCTCCCTCGCGCCATCAGAGATGTG	806rcbc148	148	Mouse	F	22	NA	NA	NA	NA	NA	NA	NA	NA	NA	NA	NA	1	22-1	post-Antibiotics	PWL	NA	NA	NA	1	8/16/16	NA	NA	NA	NA	NA	NA	NA	22-1
150	ACGCGAACTAAT	AATGATACGGCGACCACCGAGATCTACACGCCTCCCTCGCGCCATCAGAGATGTG	806rcbc150	150	Mouse	F	24	NA	NA	NA	NA	NA	NA	NA	NA	NA	NA	NA	1	24-1	post-Antibiotics	PWL	NA	NA	NA	1	8/16/16	NA	NA	NA	NA	NA	NA	NA	24-1
112	GAGAGCAACAGA	AATGATACGGCGACCACCGAGATCTACACGCCTCCCTCGCGCCATCAGAGATGTG	806rcbc112	112	Mouse	F	25	NA	NA	NA	NA	NA	NA	NA	NA	NA	NA	NA	1	25-1	post-Antibiotics	GWL	NA	NA	NA	2	5/3/17	NA	NA	NA	NA	NA	NA	NA	25-1
113	TACTCGGGAACT	AATGATACGGCGACCACCGAGATCTACACGCCTCCCTCGCGCCATCAGAGATGTG	806rcbc113	113	Mouse	F	26	NA	NA	NA	NA	NA	NA	NA	NA	NA	NA	NA	1	26-1	post-Antibiotics	PWL	NA	NA	NA	2	5/3/17	NA	NA	NA	NA	NA	NA	NA	26-1
114	CGTGCTTAGGCT	AATGATACGGCGACCACCGAGATCTACACGCCTCCCTCGCGCCATCAGAGATGTG	806rcbc114	114	Mouse	F	27	NA	NA	NA	NA	NA	NA	NA	NA	NA	NA	NA	1	27-1	post-Antibiotics	GWL	NA	NA	NA	2	5/3/17	NA	NA	NA	NA	NA	NA	NA	27-1
115	TACCGAAGGTAT	AATGATACGGCGACCACCGAGATCTACACGCCTCCCTCGCGCCATCAGAGATGTG	806rcbc115	115	Mouse	F	28	NA	NA	NA	NA	NA	NA	NA	NA	NA	NA	NA	1	28-1	post-Antibiotics	PWL	NA	NA	NA	2	5/3/17	NA	NA	NA	NA	NA	NA	NA	28-1
116	CACTCATCATTC	AATGATACGGCGACCACCGAGATCTACACGCCTCCCTCGCGCCATCAGAGATGTG	806rcbc116	116	Mouse	F	29	NA	NA	NA	NA	NA	NA	NA	NA	NA	NA	NA	1	29-1	post-Antibiotics	GWL	NA	NA	NA	2	5/3/17	NA	NA	NA	NA	NA	NA	NA	29-1
117	GTATTTCGGACG	AATGATACGGCGACCACCGAGATCTACACGCCTCCCTCGCGCCATCAGAGATGTG	806rcbc117	117	Mouse	F	30	NA	NA	NA	NA	NA	NA	NA	NA	NA	NA	NA	1	30-1	post-Antibiotics	PWL	NA	NA	NA	2	5/3/17	NA	NA	NA	NA	NA	NA	NA	30-1
118	TATCTATCCTGC	AATGATACGGCGACCACCGAGATCTACACGCCTCCCTCGCGCCATCAGAGATGTG	806rcbc118	118	Mouse	F	31	NA	NA	NA	NA	NA	NA	NA	NA	NA	NA	NA	1	31-1	post-Antibiotics	GWL	NA	NA	NA	2	5/3/17	NA	NA	NA	NA	NA	NA	NA	31-1
119	TTGCCAAGAGTC	AATGATACGGCGACCACCGAGATCTACACGCCTCCCTCGCGCCATCAGAGATGTG	806rcbc119	119	Mouse	F	32	NA	NA	NA	NA	NA	NA	NA	NA	NA	NA	NA	1	32-1	post-Antibiotics	GWL	NA	NA	NA	2	5/3/17	NA	NA	NA	NA	NA	NA	NA	32-1
120	AGTAGCGGAAGA	AATGATACGGCGACCACCGAGATCTACACGCCTCCCTCGCGCCATCAGAGATGTG	806rcbc120	120	Mouse	F	33	NA	NA	NA	NA	NA	NA	NA	NA	NA	NA	NA	1	33-1	post-Antibiotics	GWL	NA	NA	NA	2	5/3/17	NA	NA	NA	NA	NA	NA	NA	33-1
121	GCAATTAGGTAC	AATGATACGGCGACCACCGAGATCTACACGCCTCCCTCGCGCCATCAGAGATGTG	806rcbc121	121	Mouse	F	34	NA	NA	NA	NA	NA	NA	NA	NA	NA	NA	NA	1	34-1	post-Antibiotics	PWL	NA	NA	NA	2	5/3/17	NA	NA	NA	NA	NA	NA	NA	34-1
122	CATACCGTGAGT	AATGATACGGCGACCACCGAGATCTACACGCCTCCCTCGCGCCATCAGAGATGTG	806rcbc122	122	Mouse	F	35	NA	NA	NA	NA	NA	NA	NA	NA	NA	NA	NA	1	35-1	post-Antibiotics	GWL	NA	NA	NA	2	5/3/17	NA	NA	NA	NA	NA	NA	NA	35-1
123	ATGTGTGTAGAC	AATGATACGGCGACCACCGAGATCTACACGCCTCCCTCGCGCCATCAGAGATGTG	806rcbc123	123	Mouse	F	36	NA	NA	NA	NA	NA	NA	NA	NA	NA	NA	NA	1	36-1	post-Antibiotics	PWL	NA	NA	NA	2	5/3/17	NA	NA	NA	NA	NA	NA	NA	36-1
124	CCTGCGAAGTAT	AATGATACGGCGACCACCGAGATCTACACGCCTCCCTCGCGCCATCAGAGATGTG	806rcbc124	124	Mouse	F	37	NA	NA	NA	NA	NA	NA	NA	NA	NA	NA	NA	1	37-1	post-Antibiotics	GWL	NA	NA	NA	2	5/3/17	NA	NA	NA	NA	NA	NA	NA	37-1
125	TTCTCTCGACAT	AATGATACGGCGACCACCGAGATCTACACGCCTCCCTCGCGCCATCAGAGATGTG	806rcbc125	125	Mouse	F	38	NA	NA	NA	NA	NA	NA	NA	NA	NA	NA	NA	1	38-1	post-Antibiotics	PWL	NA	NA	NA	2	5/3/17	NA	NA	NA	NA	NA	NA	NA	38-1
126	GCTCTCCGTAGA	AATGATACGGCGACCACCGAGATCTACACGCCTCCCTCGCGCCATCAGAGATGTG	806rcbc126	126	Mouse	F	39	NA	NA	NA	NA	NA	NA	NA	NA	NA	NA	NA	1	39-1	post-Antibiotics	GWL	NA	NA	NA	2	5/3/17	NA	NA	NA	NA	NA	NA	NA	39-1
66	ACTTCCAACTTC	AATGATACGGCGACCACCGAGATCTACACGCCTCCCTCGCGCCATCAGAGATGTG	806rcbc65	65	Mouse	F	10	NA	NA	3.539019964	9.800362976	14.47368421	14.79128857	NA	NA	NA	58.1	NA	2	2-Oct	1_day_post_colonization	PWL	MBP01	PWL1	NA	1	8/22/16	NA	NA	NA	NA	NA	NA	NA	10-2-PWL1
67	CTCACCTAGGAA	AATGATACGGCGACCACCGAGATCTACACGCCTCCCTCGCGCCATCAGAGATGTG	806rcbc66	66	Mouse	F	11	NA	NA	4.75803172	14.19276129	21.91947946	28.06018707	NA	NA	NA	35.185	NA	2	2-Nov	1_day_post_colonization	PWL	MBP01	PWL1	NA	1	8/22/16	NA	NA	NA	NA	NA	NA	NA	11-2-PWL1
68	GTGTTGTCGTGC	AATGATACGGCGACCACCGAGATCTACACGCCTCCCTCGCGCCATCAGAGATGTG	806rcbc67	67	Mouse	F	12	NA	NA	9.860347017	17.60473974	28.01523487	40.88023699	NA	NA	NA	83.355	NA	2	2-Dec	1_day_post_colonization	PWL	MBP01	PWL1	NA	1	8/22/16	NA	NA	NA	NA	NA	NA	NA	12-2-PWL1
69	CCACAGATCGAT	AATGATACGGCGACCACCGAGATCTACACGCCTCCCTCGCGCCATCAGAGATGTG	806rcbc68	68	Mouse	F	13	NA	NA	2.272727273	10.87344029	9.35828877	9.40285205	NA	NA	NA	31.295	NA	2	13-2	1_day_post_colonization	GWL	MBP02	GWL2	NA	1	8/22/16	NA	NA	NA	NA	NA	NA	NA	13-2-GWL2
70	TATCGACACAAG	AATGATACGGCGACCACCGAGATCTACACGCCTCCCTCGCGCCATCAGAGATGTG	806rcbc69	69	Mouse	F	14	NA	NA	-4.130643612	-3.698366955	-2.785782901	1.104707012	NA	NA	NA	36.94	NA	2	14-2	1_day_post_colonization	GWL	MBP02	GWL2	NA	1	8/22/16	NA	NA	NA	NA	NA	NA	NA	14-2-GWL2
71	GATTCCGGCTCA	AATGATACGGCGACCACCGAGATCTACACGCCTCCCTCGCGCCATCAGAGATGTG	806rcbc70	70	Mouse	F	15	NA	NA	-1.497646555	-3.808301241	0.556268721	6.076166025	NA	NA	NA	71.68	NA	2	15-2	1_day_post_colonization	GWL	MBP02	GWL2	NA	1	8/22/16	NA	NA	NA	NA	NA	NA	NA	15-2-GWL2
72	CGTAATTGCCGC	AATGATACGGCGACCACCGAGATCTACACGCCTCCCTCGCGCCATCAGAGATGTG	806rcbc71	71	Mouse	F	16	NA	NA	-1.883012821	4.246794872	5.528846154	11.65865385	NA	NA	NA	27.81	NA	2	16-2	1_day_post_colonization	GWL	MBP03	GWL3	NA	1	8/22/16	NA	NA	NA	NA	NA	NA	NA	16-2-GWL3
73	GGTGACTAGTTC	AATGATACGGCGACCACCGAGATCTACACGCCTCCCTCGCGCCATCAGAGATGTG	806rcbc72	72	Mouse	F	17	NA	NA	-4.448398577	-0.84519573	4.804270463	5.026690391	NA	NA	NA	114.155	NA	2	17-2	1_day_post_colonization	GWL	MBP03	GWL3	NA	1	8/22/16	NA	NA	NA	NA	NA	NA	NA	17-2-GWL3
74	ATGGGTTCCGTC	AATGATACGGCGACCACCGAGATCTACACGCCTCCCTCGCGCCATCAGAGATGTG	806rcbc73	73	Mouse	F	18	NA	NA	-4.159369527	5.779334501	10.24518389	9.063047285	NA	NA	NA	53.185	NA	2	18-2	1_day_post_colonization	GWL	MBP03	GWL3	NA	1	8/22/16	NA	NA	NA	NA	NA	NA	NA	18-2-GWL3
75	TAGGCATGCTTG	AATGATACGGCGACCACCGAGATCTACACGCCTCCCTCGCGCCATCAGAGATGTG	806rcbc74	74	Mouse	F	19	NA	NA	0.165016502	5.693069307	16.54290429	23.26732673	NA	NA	NA	35.295	NA	2	19-2	1_day_post_colonization	PWL	MBP04	PWL4	NA	1	8/22/16	NA	NA	NA	NA	NA	NA	NA	19-2-PWL4
76	AACTAGTTCAGG	AATGATACGGCGACCACCGAGATCTACACGCCTCCCTCGCGCCATCAGAGATGTG	806rcbc75	75	Mouse	F	20	NA	NA	2.379883251	6.421194432	8.576560395	11.62999551	NA	NA	NA	34.34	NA	2	20-2	1_day_post_colonization	PWL	MBP04	PWL4	NA	1	8/22/16	NA	NA	NA	NA	NA	NA	NA	20-2-PWL4
77	ATTCTGCCGAAG	AATGATACGGCGACCACCGAGATCTACACGCCTCCCTCGCGCCATCAGAGATGTG	806rcbc76	76	Mouse	F	21	NA	NA	3.24300311	16.65926255	20.34651266	24.47800977	NA	NA	NA	44.56	NA	2	21-2	1_day_post_colonization	PWL	MBP04	PWL4	NA	1	8/22/16	NA	NA	NA	NA	NA	NA	NA	21-2-PWL4
78	AGCATGTCCCGT	AATGATACGGCGACCACCGAGATCTACACGCCTCCCTCGCGCCATCAGAGATGTG	806rcbc77	77	Mouse	F	22	NA	NA	6.18510158	11.73814898	13.72460497	10.11286682	NA	NA	NA	36.71	NA	2	22-2	1_day_post_colonization	PWL	MBP05	PWL5	NA	1	8/22/16	NA	NA	NA	NA	NA	NA	NA	22-2-PWL5
79	GTACGATATGAC	AATGATACGGCGACCACCGAGATCTACACGCCTCCCTCGCGCCATCAGAGATGTG	806rcbc78	78	Mouse	F	23	NA	NA	-3.62254025	-0.581395349	0.849731664	6.887298748	NA	NA	NA	27.99	NA	2	23-2	1_day_post_colonization	PWL	MBP05	PWL5	NA	1	8/22/16	NA	NA	NA	NA	NA	NA	NA	23-2-PWL5
80	GTGGTGGTTTCC	AATGATACGGCGACCACCGAGATCTACACGCCTCCCTCGCGCCATCAGAGATGTG	806rcbc79	79	Mouse	F	24	NA	NA	-0.169923534	4.375531011	5.819881054	6.117247239	NA	NA	NA	13.355	NA	2	24-2	1_day_post_colonization	PWL	MBP05	PWL5	NA	1	8/22/16	NA	NA	NA	NA	NA	NA	NA	24-2-PWL5
56	TGTCGCAAATAG	AATGATACGGCGACCACCGAGATCTACACGCCTCCCTCGCGCCATCAGAGATGTG	806rcbc55	55	Mouse	F	25	NA	NA	2.019274897	5.461220743	6.011932079	9.178522258	NA	NA	NA	34.56	NA	2	25-2	1_day_post_colonization	GWL	MBP11	GWL11	NA	2	5/9/17	NA	NA	NA	NA	NA	NA	NA	25-2-GWL11
57	CATCCCTCTACT	AATGATACGGCGACCACCGAGATCTACACGCCTCCCTCGCGCCATCAGAGATGTG	806rcbc56	56	Mouse	F	28	NA	NA	1.964542405	2.395783421	2.539530426	7.474844274	NA	NA	NA	23.05	NA	2	28-2	1_day_post_colonization	PWL	MBP09	PWL9	NA	2	5/9/17	NA	NA	NA	NA	NA	NA	NA	28-2-PWL9
58	TATACCGCTGCG	AATGATACGGCGACCACCGAGATCTACACGCCTCCCTCGCGCCATCAGAGATGTG	806rcbc57	57	Mouse	F	30	NA	NA	5.959684487	10.03505697	8.19456617	14.46099912	NA	NA	NA	26.755	NA	2	30-2	1_day_post_colonization	PWL	MBP09	PWL9	NA	2	5/9/17	NA	NA	NA	NA	NA	NA	NA	30-2-PWL9
59	AGTTGAGGCATT	AATGATACGGCGACCACCGAGATCTACACGCCTCCCTCGCGCCATCAGAGATGTG	806rcbc58	58	Mouse	F	31	NA	NA	0.828247602	1.002615519	2.877070619	3.705318221	NA	NA	NA	41.685	NA	2	31-2	1_day_post_colonization	GWL	MBP10	GWL10	NA	2	5/9/17	NA	NA	NA	NA	NA	NA	NA	31-2-GWL10
60	ACAATAGACACC	AATGATACGGCGACCACCGAGATCTACACGCCTCCCTCGCGCCATCAGAGATGTG	806rcbc59	59	Mouse	F	33	NA	NA	3.671912256	-2.288984263	2.813543157	7.057701478	NA	NA	NA	31.745	NA	2	33-2	1_day_post_colonization	GWL	MBP10	GWL10	NA	2	5/9/17	NA	NA	NA	NA	NA	NA	NA	33-2-GWL10
61	CGGTCAATTGAC	AATGATACGGCGACCACCGAGATCTACACGCCTCCCTCGCGCCATCAGAGATGTG	806rcbc60	60	Mouse	F	34	NA	NA	-0.901756051	1.993355482	2.040816327	5.030849549	NA	NA	NA	35.2	NA	2	34-2	1_day_post_colonization	PWL	MBP13	PWL13	NA	2	5/9/17	NA	NA	NA	NA	NA	NA	NA	34-2-PWL13
62	GTGGAGTCTCAT	AATGATACGGCGACCACCGAGATCTACACGCCTCCCTCGCGCCATCAGAGATGTG	806rcbc61	61	Mouse	F	35	NA	NA	12.49436175	8.840775823	11.86287776	17.63644565	NA	NA	NA	27.625	NA	2	35-2	1_day_post_colonization	GWL	MBP10	GWL10	NA	2	5/9/17	NA	NA	NA	NA	NA	NA	NA	35-2-GWL10
63	GCTCGAAGATTC	AATGATACGGCGACCACCGAGATCTACACGCCTCCCTCGCGCCATCAGAGATGTG	806rcbc62	62	Mouse	F	36	NA	NA	5.99909788	6.224627876	11.00586378	11.90798376	NA	NA	NA	32.39	NA	2	36-2	1_day_post_colonization	PWL	MBP13	PWL13	NA	2	5/9/17	NA	NA	NA	NA	NA	NA	NA	36-2-PWL13
64	AGGCTTACGTGT	AATGATACGGCGACCACCGAGATCTACACGCCTCCCTCGCGCCATCAGAGATGTG	806rcbc63	63	Mouse	F	37	NA	NA	5.304276316	3.865131579	9.703947368	14.72039474	NA	NA	NA	37.15	NA	2	37-2	1_day_post_colonization	GWL	MBP12	GWL12	NA	2	5/9/17	NA	NA	NA	NA	NA	NA	NA	37-2-GWL12
65	TCTCTACCACTC	AATGATACGGCGACCACCGAGATCTACACGCCTCCCTCGCGCCATCAGAGATGTG	806rcbc64	64	Mouse	F	38	NA	NA	-1.036054704	2.735184418	8.081226689	7.293825114	NA	NA	NA	19.765	NA	2	38-2	1_day_post_colonization	PWL	MBP13	PWL13	NA	2	5/9/17	NA	NA	NA	NA	NA	NA	NA	38-2-PWL13
13	TGCATACACTGG	AATGATACGGCGACCACCGAGATCTACACGCCTCCCTCGCGCCATCAGAGATGTG	806rcbc12	12	Mouse	F	40	NA	NA	0.183234082	4.535043518	9.894640403	9.803023362	NA	NA	NA	21.08	NA	2	40-2	1_day_post_colonization	Ctrl	MBP15	CTRL15	NA	3	6/24/17	NA	NA	NA	NA	NA	NA	NA	40-2-CTRL15
14	AGTCGAACGAGG	AATGATACGGCGACCACCGAGATCTACACGCCTCCCTCGCGCCATCAGAGATGTG	806rcbc13	13	Mouse	F	41	NA	NA	1.05649977	8.360128617	6.338998622	8.773541571	NA	NA	NA	25.01	NA	2	41-2	1_day_post_colonization	Ctrl	MBP15	CTRL15	NA	3	6/24/17	NA	NA	NA	NA	NA	NA	NA	41-2-CTRL15
15	ACCAGTGACTCA	AATGATACGGCGACCACCGAGATCTACACGCCTCCCTCGCGCCATCAGAGATGTG	806rcbc14	14	Mouse	F	42	NA	NA	5.002294631	7.021569527	13.35474989	19.13721891	NA	NA	NA	35.855	NA	2	42-2	1_day_post_colonization	Ctrl	MBP15	CRTL15	NA	3	6/24/17	NA	NA	NA	NA	NA	NA	NA	42-2-CRTL15
16	GAATACCAAGTC	AATGATACGGCGACCACCGAGATCTACACGCCTCCCTCGCGCCATCAGAGATGTG	806rcbc15	15	Mouse	F	43	NA	NA	0.91503268	4.095860566	8.976034858	9.891067538	NA	NA	NA	25.015	NA	2	43-2	1_day_post_colonization	Ctrl	MBP16	CTRL16	NA	3	6/24/17	NA	NA	NA	NA	NA	NA	NA	43-2-CTRL16
17	GTAGATCGTGTA	AATGATACGGCGACCACCGAGATCTACACGCCTCCCTCGCGCCATCAGAGATGTG	806rcbc16	16	Mouse	F	44	NA	NA	2.167042889	5.553047404	7.810383747	8.397291196	NA	NA	NA	50.32	NA	2	44-2	1_day_post_colonization	Ctrl	MBP16	CTRL16	NA	3	6/24/17	NA	NA	NA	NA	NA	NA	NA	44-2-CTRL16
18	TAACGTGTGTGC	AATGATACGGCGACCACCGAGATCTACACGCCTCCCTCGCGCCATCAGAGATGTG	806rcbc17	17	Mouse	F	45	NA	NA	1.326623971	6.953339433	9.332113449	8.828911253	NA	NA	NA	18.435	NA	2	45-2	1_day_post_colonization	Ctrl	MBP16	CTRL16	NA	3	6/24/17	NA	NA	NA	NA	NA	NA	NA	45-2-CTRL16
19	CATTATGGCGTG	AATGATACGGCGACCACCGAGATCTACACGCCTCCCTCGCGCCATCAGAGATGTG	806rcbc18	18	Mouse	F	46	NA	NA	2.394366197	5.633802817	2.112676056	5.352112676	NA	NA	NA	29.36	NA	2	46-2	1_day_post_colonization	Ctrl	MBP17	CTRL17	NA	3	6/24/17	NA	NA	NA	NA	NA	NA	NA	46-2-CTRL17
20	CCAATACGCCTG	AATGATACGGCGACCACCGAGATCTACACGCCTCCCTCGCGCCATCAGAGATGTG	806rcbc19	19	Mouse	F	47	NA	NA	-0.08760403	3.372755147	7.577748576	10.24967148	NA	NA	NA	44.705	NA	2	47-2	1_day_post_colonization	Ctrl	MBP17	CTRL17	NA	3	6/24/17	NA	NA	NA	NA	NA	NA	NA	47-2-CTRL17
21	GATCTGCGATCC	AATGATACGGCGACCACCGAGATCTACACGCCTCCCTCGCGCCATCAGAGATGTG	806rcbc20	20	Mouse	F	48	NA	NA	0.314042171	0.224315837	4.620906236	6.639748766	NA	NA	NA	42.545	NA	2	48-2	1_day_post_colonization	Ctrl	MBP17	CTRL17	NA	3	6/24/17	NA	NA	NA	NA	NA	NA	NA	48-2-CTRL17
22	CAGCTCATCAGC	AATGATACGGCGACCACCGAGATCTACACGCCTCCCTCGCGCCATCAGAGATGTG	806rcbc21	21	Mouse	F	49	NA	NA	5.728943993	9.149209064	7.567336469	16.33176571	NA	NA	NA	25.23	NA	2	49-2	1_day_post_colonization	Ctrl	MBP19	CTRL19	NA	3	6/24/17	NA	NA	NA	NA	NA	NA	NA	49-2-CTRL19
23	CAAACAACAGCT	AATGATACGGCGACCACCGAGATCTACACGCCTCCCTCGCGCCATCAGAGATGTG	806rcbc22	22	Mouse	F	50	NA	NA	2.778983934	6.035605732	14.8501954	10.98567086	NA	NA	NA	21.955	NA	2	50-2	1_day_post_colonization	Ctrl	MBP19	CTRL19	NA	3	6/24/17	NA	NA	NA	NA	NA	NA	NA	50-2-CTRL19
24	GCAACACCATCC	AATGATACGGCGACCACCGAGATCTACACGCCTCCCTCGCGCCATCAGAGATGTG	806rcbc23	23	Mouse	F	51	NA	NA	3.785900783	3.17667537	6.179286336	6.570931245	NA	NA	NA	33.26	NA	2	51-2	1_day_post_colonization	Ctrl	MBP19	CTRL19	NA	3	6/24/17	NA	NA	NA	NA	NA	NA	NA	51-2-CTRL19
50	GGCCAGTTCCTA	AATGATACGGCGACCACCGAGATCTACACGCCTCCCTCGCGCCATCAGAGATGTG	806rcbc49	49	Mouse	F	53	NA	NA	2.107111501	3.731343284	7.418788411	9.262510975	NA	NA	NA	51.835	NA	2	53-2	1_day_post_colonization	Ctrl	MBP20	CTRL20	NA	3	6/24/17	NA	NA	NA	NA	NA	NA	NA	53-2-CTRL20
52	CTATCTCCTGTC	AATGATACGGCGACCACCGAGATCTACACGCCTCCCTCGCGCCATCAGAGATGTG	806rcbc51	51	Mouse	F	54	NA	NA	6.528451698	11.02779003	16.76224085	18.39435377	NA	NA	NA	23.27	NA	2	54-2	1_day_post_colonization	Ctrl	MBP20	CTRL20	NA	3	6/24/17	NA	NA	NA	NA	NA	NA	NA	54-2-CTRL20
81	TAGTATGCGCAA	AATGATACGGCGACCACCGAGATCTACACGCCTCCCTCGCGCCATCAGAGATGTG	806rcbc80	80	Mouse	F	10	14.79128857	NA	NA	NA	NA	NA	NA	NA	NA	NA	34.765	3	3-Oct	4_weeks_post_colonization	PWL	MBP01	PWL1	NA	1	9/18/16	NA	NA	NA	NA	NA	NA	NA	10-3-PWL1
82	TGCGCTGAATGT	AATGATACGGCGACCACCGAGATCTACACGCCTCCCTCGCGCCATCAGAGATGTG	806rcbc81	81	Mouse	F	11	28.06018707	NA	NA	NA	NA	NA	NA	NA	NA	NA	37.735	3	3-Nov	4_weeks_post_colonization	PWL	MBP01	PWL1	NA	1	9/18/16	NA	NA	NA	NA	NA	NA	NA	11-3-PWL1
83	ATGGCTGTCAGT	AATGATACGGCGACCACCGAGATCTACACGCCTCCCTCGCGCCATCAGAGATGTG	806rcbc82	82	Mouse	F	12	40.88023699	NA	NA	NA	NA	NA	NA	NA	NA	NA	NA	3	3-Dec	4_weeks_post_colonization	PWL	MBP01	PWL1	NA	1	9/18/16	NA	NA	NA	NA	NA	NA	NA	12-3-PWL1
84	GTTCTCTTCTCG	AATGATACGGCGACCACCGAGATCTACACGCCTCCCTCGCGCCATCAGAGATGTG	806rcbc83	83	Mouse	F	13	9.40285205	NA	NA	NA	NA	NA	NA	NA	NA	NA	31.98	3	13-3	4_weeks_post_colonization	GWL	MBP02	GWL2	NA	1	9/18/16	NA	NA	NA	NA	NA	NA	NA	13-3-GWL2
85	CGTAAGATGCCT	AATGATACGGCGACCACCGAGATCTACACGCCTCCCTCGCGCCATCAGAGATGTG	806rcbc84	84	Mouse	F	14	1.104707012	NA	NA	NA	NA	NA	NA	NA	NA	NA	31.805	3	14-3	4_weeks_post_colonization	GWL	MBP02	GWL2	NA	1	9/18/16	NA	NA	NA	NA	NA	NA	NA	14-3-GWL2
86	GCGTTCTAGCTG	AATGATACGGCGACCACCGAGATCTACACGCCTCCCTCGCGCCATCAGAGATGTG	806rcbc85	85	Mouse	F	15	6.076166025	NA	NA	NA	NA	NA	NA	NA	NA	NA	33.725	3	15-3	4_weeks_post_colonization	GWL	MBP02	GWL2	NA	1	9/18/16	NA	NA	NA	NA	NA	NA	NA	15-3-GWL2
87	GTTGTTCTGGGA	AATGATACGGCGACCACCGAGATCTACACGCCTCCCTCGCGCCATCAGAGATGTG	806rcbc86	86	Mouse	F	16	11.65865385	NA	NA	NA	NA	NA	NA	NA	NA	NA	25.41	3	16-3	4_weeks_post_colonization	GWL	MBP03	GWL3	NA	1	9/18/16	NA	NA	NA	NA	NA	NA	NA	16-3-GWL3
88	GGACTTCCAGCT	AATGATACGGCGACCACCGAGATCTACACGCCTCCCTCGCGCCATCAGAGATGTG	806rcbc87	87	Mouse	F	17	5.026690391	NA	NA	NA	NA	NA	NA	NA	NA	NA	28.685	3	17-3	4_weeks_post_colonization	GWL	MBP03	GWL3	NA	1	9/18/16	NA	NA	NA	NA	NA	NA	NA	17-3-GWL3
89	CTCACAACCGTG	AATGATACGGCGACCACCGAGATCTACACGCCTCCCTCGCGCCATCAGAGATGTG	806rcbc88	88	Mouse	F	18	9.063047285	NA	NA	NA	NA	NA	NA	NA	NA	NA	28.685	3	18-3	4_weeks_post_colonization	GWL	MBP03	GWL3	NA	1	9/18/16	NA	NA	NA	NA	NA	NA	NA	18-3-GWL3
90	CTGCTATTCCTC	AATGATACGGCGACCACCGAGATCTACACGCCTCCCTCGCGCCATCAGAGATGTG	806rcbc89	89	Mouse	F	19	23.26732673	NA	NA	NA	NA	NA	NA	NA	NA	NA	33.195	3	19-3	4_weeks_post_colonization	PWL	MBP04	PWL4	NA	1	9/18/16	NA	NA	NA	NA	NA	NA	NA	19-3-PWL4
91	ATGTCACCGCTG	AATGATACGGCGACCACCGAGATCTACACGCCTCCCTCGCGCCATCAGAGATGTG	806rcbc90	90	Mouse	F	20	11.62999551	NA	NA	NA	NA	NA	NA	NA	NA	NA	63.675	3	20-3	4_weeks_post_colonization	PWL	MBP04	PWL4	NA	1	9/18/16	NA	NA	NA	NA	NA	NA	NA	20-3-PWL4
92	TGTAACGCCGAT	AATGATACGGCGACCACCGAGATCTACACGCCTCCCTCGCGCCATCAGAGATGTG	806rcbc91	91	Mouse	F	21	24.47800977	NA	NA	NA	NA	NA	NA	NA	NA	NA	37.385	3	21-3	4_weeks_post_colonization	PWL	MBP04	PWL4	NA	1	9/18/16	NA	NA	NA	NA	NA	NA	NA	21-3-PWL4
93	AGCAGAACATCT	AATGATACGGCGACCACCGAGATCTACACGCCTCCCTCGCGCCATCAGAGATGTG	806rcbc92	92	Mouse	F	22	10.11286682	NA	NA	NA	NA	NA	NA	NA	NA	NA	29.375	3	22-3	4_weeks_post_colonization	PWL	MBP05	PWL5	NA	1	9/18/16	NA	NA	NA	NA	NA	NA	NA	22-3-PWL5
94	TGGAGTAGGTGG	AATGATACGGCGACCACCGAGATCTACACGCCTCCCTCGCGCCATCAGAGATGTG	806rcbc93	93	Mouse	F	23	6.887298748	NA	NA	NA	NA	NA	NA	NA	NA	NA	30.24	3	23-3	4_weeks_post_colonization	PWL	MBP05	PWL5	NA	1	9/18/16	NA	NA	NA	NA	NA	NA	NA	23-3-PWL5
95	TTGGCTCTATTC	AATGATACGGCGACCACCGAGATCTACACGCCTCCCTCGCGCCATCAGAGATGTG	806rcbc94	94	Mouse	F	24	6.117247239	NA	NA	NA	NA	NA	NA	NA	NA	NA	29.725	3	24-3	4_weeks_post_colonization	PWL	MBP05	PWL5	NA	1	9/18/16	NA	NA	NA	NA	NA	NA	NA	24-3-PWL5
25	GCGATATATCGC	AATGATACGGCGACCACCGAGATCTACACGCCTCCCTCGCGCCATCAGAGATGTG	806rcbc24	24	Mouse	F	25	9.178522258	NA	NA	NA	NA	NA	NA	NA	NA	NA	21.975	3	25-3	4_weeks_post_colonization	GWL	MBP11	GWL11	NA	2	6/5/17	NA	NA	NA	NA	NA	NA	NA	25-3-GWL11
26	CGAGCAATCCTA	AATGATACGGCGACCACCGAGATCTACACGCCTCCCTCGCGCCATCAGAGATGTG	806rcbc25	25	Mouse	F	26	13.03630363	NA	NA	NA	NA	NA	NA	NA	NA	NA	31.98	3	26-3	4_weeks_post_colonization	PWL	MBP09	PWL9	NA	2	6/5/17	NA	NA	NA	NA	NA	NA	NA	26-3-PWL9
27	AGTCGTGCACAT	AATGATACGGCGACCACCGAGATCTACACGCCTCCCTCGCGCCATCAGAGATGTG	806rcbc26	26	Mouse	F	27	10.88937093	NA	NA	NA	NA	NA	NA	NA	NA	NA	31.28	3	27-3	4_weeks_post_colonization	GWL	MBP11	GWL11	NA	2	6/5/17	NA	NA	NA	NA	NA	NA	NA	27-3-GWL11
28	GTATCTGCGCGT	AATGATACGGCGACCACCGAGATCTACACGCCTCCCTCGCGCCATCAGAGATGTG	806rcbc27	27	Mouse	F	28	7.474844274	NA	NA	NA	NA	NA	NA	NA	NA	NA	30.065	3	28-3	4_weeks_post_colonization	PWL	MBP09	PWL9	NA	2	6/5/17	NA	NA	NA	NA	NA	NA	NA	28-3-PWL9
29	CGAGGGAAAGTC	AATGATACGGCGACCACCGAGATCTACACGCCTCCCTCGCGCCATCAGAGATGTG	806rcbc28	28	Mouse	F	29	6.364428945	NA	NA	NA	NA	NA	NA	NA	NA	NA	23.175	3	29-3	4_weeks_post_colonization	GWL	MBP11	GWL11	NA	2	6/5/17	NA	NA	NA	NA	NA	NA	NA	29-3-GWL11
30	CAAATTCGGGAT	AATGATACGGCGACCACCGAGATCTACACGCCTCCCTCGCGCCATCAGAGATGTG	806rcbc29	29	Mouse	F	30	14.46099912	NA	NA	NA	NA	NA	NA	NA	NA	NA	30.935	3	30-3	4_weeks_post_colonization	PWL	MBP09	PWL9	NA	2	6/5/17	NA	NA	NA	NA	NA	NA	NA	30-3-PWL9
31	AGATTGACCAAC	AATGATACGGCGACCACCGAGATCTACACGCCTCCCTCGCGCCATCAGAGATGTG	806rcbc30	30	Mouse	F	31	3.705318221	NA	NA	NA	NA	NA	NA	NA	NA	NA	38.97	3	31-3	4_weeks_post_colonization	GWL	MBP10	GWL10	NA	2	6/5/17	NA	NA	NA	NA	NA	NA	NA	31-3-GWL10
32	AGTTACGAGCTA	AATGATACGGCGACCACCGAGATCTACACGCCTCCCTCGCGCCATCAGAGATGTG	806rcbc31	31	Mouse	F	32	8.279623203	NA	NA	NA	NA	NA	NA	NA	NA	NA	33.715	3	32-3	4_weeks_post_colonization	GWL	MBP12	GWL12	NA	2	6/5/17	NA	NA	NA	NA	NA	NA	NA	32-3-GWL12
33	GCATATGCACTG	AATGATACGGCGACCACCGAGATCTACACGCCTCCCTCGCGCCATCAGAGATGTG	806rcbc32	32	Mouse	F	34	5.030849549	NA	NA	NA	NA	NA	NA	NA	NA	NA	47.095	3	34-3	4_weeks_post_colonization	PWL	MBP13	PWL13	NA	2	6/5/17	NA	NA	NA	NA	NA	NA	NA	34-3-PWL13
34	CAACTCCCGTGA	AATGATACGGCGACCACCGAGATCTACACGCCTCCCTCGCGCCATCAGAGATGTG	806rcbc33	33	Mouse	F	35	17.63644565	NA	NA	NA	NA	NA	NA	NA	NA	NA	34.59	3	35-3	4_weeks_post_colonization	GWL	MBP10	GWL10	NA	2	6/5/17	NA	NA	NA	NA	NA	NA	NA	35-3-GWL10
35	TTGCGTTAGCAG	AATGATACGGCGACCACCGAGATCTACACGCCTCCCTCGCGCCATCAGAGATGTG	806rcbc34	34	Mouse	F	36	11.90798376	NA	NA	NA	NA	NA	NA	NA	NA	NA	30.59	3	36-3	4_weeks_post_colonization	PWL	MBP13	PWL13	NA	2	6/5/17	NA	NA	NA	NA	NA	NA	NA	36-3-PWL13
36	TACGAGCCCTAA	AATGATACGGCGACCACCGAGATCTACACGCCTCCCTCGCGCCATCAGAGATGTG	806rcbc35	35	Mouse	F	37	14.72039474	NA	NA	NA	NA	NA	NA	NA	NA	NA	31.455	3	37-3	4_weeks_post_colonization	GWL	MBP12	GWL12	NA	2	6/5/17	NA	NA	NA	NA	NA	NA	NA	37-3-GWL12
37	CACTACGCTAGA	AATGATACGGCGACCACCGAGATCTACACGCCTCCCTCGCGCCATCAGAGATGTG	806rcbc36	36	Mouse	F	38	7.293825114	NA	NA	NA	NA	NA	NA	NA	NA	NA	30.76	3	38-3	4_weeks_post_colonization	PWL	MBP13	PWL13	NA	2	6/5/17	NA	NA	NA	NA	NA	NA	NA	38-3-PWL13
1	TCCCTTGTCTCC	AATGATACGGCGACCACCGAGATCTACACGCCTCCCTCGCGCCATCAGAGATGTG	806rcbc0	0	Mouse	F	40	9.803023362	NA	NA	NA	NA	NA	NA	NA	NA	NA	30.76	3	40-3	4_weeks_post_colonization	Ctrl	MBP15	CTRL15	NA	3	7/21/17	NA	NA	NA	NA	NA	NA	NA	40-3-CTRL15
2	ACGAGACTGATT	AATGATACGGCGACCACCGAGATCTACACGCCTCCCTCGCGCCATCAGAGATGTG	806rcbc1	1	Mouse	F	41	8.773541571	NA	NA	NA	NA	NA	NA	NA	NA	NA	29.895	3	41-3	4_weeks_post_colonization	Ctrl	MBP15	CTRL15	NA	3	7/21/17	NA	NA	NA	NA	NA	NA	NA	41-3-CTRL15
3	GCTGTACGGATT	AATGATACGGCGACCACCGAGATCTACACGCCTCCCTCGCGCCATCAGAGATGTG	806rcbc2	2	Mouse	F	42	19.13721891	NA	NA	NA	NA	NA	NA	NA	NA	NA	27.995	3	42-3	4_weeks_post_colonization	Ctrl	MBP15	CRTL15	NA	3	7/21/17	NA	NA	NA	NA	NA	NA	NA	42-3-CRTL15
4	ATCACCAGGTGT	AATGATACGGCGACCACCGAGATCTACACGCCTCCCTCGCGCCATCAGAGATGTG	806rcbc3	3	Mouse	F	43	9.891067538	NA	NA	NA	NA	NA	NA	NA	NA	NA	29.035	3	43-3	4_weeks_post_colonization	Ctrl	MBP16	CTRL16	NA	3	7/21/17	NA	NA	NA	NA	NA	NA	NA	43-3-CTRL16
5	TGGTCAACGATA	AATGATACGGCGACCACCGAGATCTACACGCCTCCCTCGCGCCATCAGAGATGTG	806rcbc4	4	Mouse	F	44	8.397291196	NA	NA	NA	NA	NA	NA	NA	NA	NA	50.67	3	44-3	4_weeks_post_colonization	Ctrl	MBP16	CTRL16	NA	3	7/21/17	NA	NA	NA	NA	NA	NA	NA	44-3-CTRL16
6	ATCGCACAGTAA	AATGATACGGCGACCACCGAGATCTACACGCCTCCCTCGCGCCATCAGAGATGTG	806rcbc5	5	Mouse	F	45	8.828911253	NA	NA	NA	NA	NA	NA	NA	NA	NA	31.28	3	45-3	4_weeks_post_colonization	Ctrl	MBP16	CTRL16	NA	3	7/21/17	NA	NA	NA	NA	NA	NA	NA	45-3-CTRL16
7	GTCGTGTAGCCT	AATGATACGGCGACCACCGAGATCTACACGCCTCCCTCGCGCCATCAGAGATGTG	806rcbc6	6	Mouse	F	46	5.352112676	NA	NA	NA	NA	NA	NA	NA	NA	NA	37.91	3	46-3	4_weeks_post_colonization	Ctrl	MBP17	CTRL17	NA	3	7/21/17	NA	NA	NA	NA	NA	NA	NA	46-3-CTRL17
8	AGCGGAGGTTAG	AATGATACGGCGACCACCGAGATCTACACGCCTCCCTCGCGCCATCAGAGATGTG	806rcbc7	7	Mouse	F	47	10.24967148	NA	NA	NA	NA	NA	NA	NA	NA	NA	48.705	3	47-3	4_weeks_post_colonization	Ctrl	MBP17	CTRL17	NA	3	7/21/17	NA	NA	NA	NA	NA	NA	NA	47-3-CTRL17
9	ATCCTTTGGTTC	AATGATACGGCGACCACCGAGATCTACACGCCTCCCTCGCGCCATCAGAGATGTG	806rcbc8	8	Mouse	F	48	6.639748766	NA	NA	NA	NA	NA	NA	NA	NA	NA	31.455	3	48-3	4_weeks_post_colonization	Ctrl	MBP17	CTRL17	NA	3	7/21/17	NA	NA	NA	NA	NA	NA	NA	48-3-CTRL17
10	TACAGCGCATAC	AATGATACGGCGACCACCGAGATCTACACGCCTCCCTCGCGCCATCAGAGATGTG	806rcbc9	9	Mouse	F	49	16.33176571	NA	NA	NA	NA	NA	NA	NA	NA	NA	33.205	3	49-3	4_weeks_post_colonization	Ctrl	MBP19	CTRL19	NA	3	7/21/17	NA	NA	NA	NA	NA	NA	NA	49-3-CTRL19
11	ACCGGTATGTAC	AATGATACGGCGACCACCGAGATCTACACGCCTCCCTCGCGCCATCAGAGATGTG	806rcbc10	10	Mouse	F	50	10.98567086	NA	NA	NA	NA	NA	NA	NA	NA	NA	43.395	3	50-3	4_weeks_post_colonization	Ctrl	MBP19	CTRL19	NA	3	7/21/17	NA	NA	NA	NA	NA	NA	NA	50-3-CTRL19
12	AATTGTGTCGGA	AATGATACGGCGACCACCGAGATCTACACGCCTCCCTCGCGCCATCAGAGATGTG	806rcbc11	11	Mouse	F	51	6.570931245	NA	NA	NA	NA	NA	NA	NA	NA	NA	27.65	3	51-3	4_weeks_post_colonization	Ctrl	MBP19	CTRL19	NA	3	7/21/17	NA	NA	NA	NA	NA	NA	NA	51-3-CTRL19
49	TACTACGTGGCC	AATGATACGGCGACCACCGAGATCTACACGCCTCCCTCGCGCCATCAGAGATGTG	806rcbc48	48	Mouse	F	53	9.262510975	NA	NA	NA	NA	NA	NA	NA	NA	NA	32.62	3	53-3	4_weeks_post_colonization	Ctrl	MBP20	CTRL20	NA	3	7/21/17	NA	NA	NA	NA	NA	NA	NA	53-3-CTRL20
51	GATGTTCGCTAG	AATGATACGGCGACCACCGAGATCTACACGCCTCCCTCGCGCCATCAGAGATGTG	806rcbc50	50	Mouse	F	54	18.39435377	NA	NA	NA	NA	NA	NA	NA	NA	NA	40.53	3	54-3	4_weeks_post_colonization	Ctrl	MBP20	CTRL20	NA	3	7/21/17	NA	NA	NA	NA	NA	NA	NA	54-3-CTRL20
157	GTTATCGCATGG	AATGATACGGCGACCACCGAGATCTACACGCCTCCCTCGCGCCATCAGAGATGTG	806rcbc157	157	Mouse	F	10	NA	NA	NA	NA	NA	NA	4.947409427	25.67	NA	NA	NA	4	4-Oct	post-WD	PWL	MBP01	PWL1	ND	1	10/22/16	NA	NA	NA	NA	NA	NA	NA	10-4-PWL1
158	GATCACGAGAGG	AATGATACGGCGACCACCGAGATCTACACGCCTCCCTCGCGCCATCAGAGATGTG	806rcbc158	158	Mouse	F	11	NA	NA	NA	NA	NA	NA	50.7381258	31.16	NA	NA	NA	4	4-Nov	post-WD	PWL	MBP01	PWL1	WD	1	10/22/16	NA	NA	NA	NA	NA	NA	NA	11-4-PWL1
159	GTAAATTCAGGC	AATGATACGGCGACCACCGAGATCTACACGCCTCCCTCGCGCCATCAGAGATGTG	806rcbc159	159	Mouse	F	12	NA	NA	NA	NA	NA	NA	12.66318538	30.64	NA	NA	NA	4	4-Dec	post-WD	PWL	MBP01	PWL1	ND	1	10/22/16	NA	NA	NA	NA	NA	NA	NA	12-4-PWL1
160	AGTGTTTCGGAC	AATGATACGGCGACCACCGAGATCTACACGCCTCCCTCGCGCCATCAGAGATGTG	806rcbc160	160	Mouse	F	13	NA	NA	NA	NA	NA	NA	60.62263357	23.77	NA	NA	NA	4	13-4	post-WD	GWL	MBP02	GWL2	WD	1	10/22/16	NA	NA	NA	NA	NA	NA	NA	13-4-GWL2
161	ACACGCGGTTTA	AATGATACGGCGACCACCGAGATCTACACGCCTCCCTCGCGCCATCAGAGATGTG	806rcbc161	161	Mouse	F	14	NA	NA	NA	NA	NA	NA	35.02635362	20.87	NA	NA	NA	4	14-4	post-WD	GWL	MBP02	GWL2	WD	1	10/22/16	NA	NA	NA	NA	NA	NA	NA	14-4-GWL2
162	TGGCAAATCTAG	AATGATACGGCGACCACCGAGATCTACACGCCTCCCTCGCGCCATCAGAGATGTG	806rcbc162	162	Mouse	F	15	NA	NA	NA	NA	NA	NA	0.119426752	25.12	NA	NA	NA	4	15-4	post-WD	GWL	MBP02	GWL2	ND	1	10/22/16	NA	NA	NA	NA	NA	NA	NA	15-4-GWL2
163	CACCTTACCTTA	AATGATACGGCGACCACCGAGATCTACACGCCTCCCTCGCGCCATCAGAGATGTG	806rcbc163	163	Mouse	F	16	NA	NA	NA	NA	NA	NA	0.552893476	27.13	NA	NA	NA	4	16-4	post-WD	GWL	MBP03	GWL3	ND	1	10/22/16	NA	NA	NA	NA	NA	NA	NA	16-4-GWL3
164	TTAACCTTCCTG	AATGATACGGCGACCACCGAGATCTACACGCCTCCCTCGCGCCATCAGAGATGTG	806rcbc164	164	Mouse	F	17	NA	NA	NA	NA	NA	NA	9.305317324	23.32	NA	NA	NA	4	17-4	post-WD	GWL	MBP03	GWL3	ND	1	10/22/16	NA	NA	NA	NA	NA	NA	NA	17-4-GWL3
165	TGCCGTATGCCA	AATGATACGGCGACCACCGAGATCTACACGCCTCCCTCGCGCCATCAGAGATGTG	806rcbc165	165	Mouse	F	18	NA	NA	NA	NA	NA	NA	66.07287449	24.7	NA	NA	NA	4	18-4	post-WD	GWL	MBP03	GWL3	WD	1	10/22/16	NA	NA	NA	NA	NA	NA	NA	18-4-GWL3
166	CGTGACAATAGT	AATGATACGGCGACCACCGAGATCTACACGCCTCCCTCGCGCCATCAGAGATGTG	806rcbc166	166	Mouse	F	19	NA	NA	NA	NA	NA	NA	39.19376694	29.52	NA	NA	NA	4	19-4	post-WD	PWL	MBP04	PWL4	WD	1	10/22/16	NA	NA	NA	NA	NA	NA	NA	19-4-PWL4
167	CGCTACAACTCG	AATGATACGGCGACCACCGAGATCTACACGCCTCCCTCGCGCCATCAGAGATGTG	806rcbc167	167	Mouse	F	20	NA	NA	NA	NA	NA	NA	13.81393476	24.83	NA	NA	NA	4	20-4	post-WD	PWL	MBP04	PWL4	ND	1	10/22/16	NA	NA	NA	NA	NA	NA	NA	20-4-PWL4
168	TTAAGACAGTCG	AATGATACGGCGACCACCGAGATCTACACGCCTCCCTCGCGCCATCAGAGATGTG	806rcbc168	168	Mouse	F	21	NA	NA	NA	NA	NA	NA	46.33273703	27.95	NA	NA	NA	4	21-4	post-WD	PWL	MBP04	PWL4	WD	1	10/22/16	NA	NA	NA	NA	NA	NA	NA	21-4-PWL4
169	TCTGCACTGAGC	AATGATACGGCGACCACCGAGATCTACACGCCTCCCTCGCGCCATCAGAGATGTG	806rcbc169	169	Mouse	F	22	NA	NA	NA	NA	NA	NA	-8.262454435	24.69	NA	NA	NA	4	22-4	post-WD	PWL	MBP05	PWL5	ND	1	10/22/16	NA	NA	NA	NA	NA	NA	NA	22-4-PWL5
170	CGCAGATTAGTA	AATGATACGGCGACCACCGAGATCTACACGCCTCCCTCGCGCCATCAGAGATGTG	806rcbc170	170	Mouse	F	23	NA	NA	NA	NA	NA	NA	30.252443	24.56	NA	NA	NA	4	23-4	post-WD	PWL	MBP05	PWL5	WD	1	10/22/16	NA	NA	NA	NA	NA	NA	NA	23-4-PWL5
171	TGGGTCCCACAT	AATGATACGGCGACCACCGAGATCTACACGCCTCCCTCGCGCCATCAGAGATGTG	806rcbc171	171	Mouse	F	24	NA	NA	NA	NA	NA	NA	63.8	25	NA	NA	NA	4	24-4	post-WD	PWL	MBP05	PWL5	WD	1	10/22/16	NA	NA	NA	NA	NA	NA	NA	24-4-PWL5
127	GTTAAGCTGACC	AATGATACGGCGACCACCGAGATCTACACGCCTCCCTCGCGCCATCAGAGATGTG	806rcbc127	127	Mouse	F	25	NA	NA	NA	NA	NA	NA	2.309278351	24.25	NA	NA	NA	4	25-4	post-WD	GWL	MBP11	GWL11	ND	2	7/10/17	NA	NA	NA	NA	NA	NA	NA	25-4-GWL11
128	ATGCCATGCCGT	AATGATACGGCGACCACCGAGATCTACACGCCTCCCTCGCGCCATCAGAGATGTG	806rcbc128	128	Mouse	F	26	NA	NA	NA	NA	NA	NA	2.89039039	26.64	NA	NA	NA	4	26-4	post-WD	PWL	MBP09	PWL9	ND	2	7/10/17	NA	NA	NA	NA	NA	NA	NA	26-4-PWL9
129	GACATTGTCACG	AATGATACGGCGACCACCGAGATCTACACGCCTCCCTCGCGCCATCAGAGATGTG	806rcbc129	129	Mouse	F	27	NA	NA	NA	NA	NA	NA	50.78308536	25.54	NA	NA	NA	4	27-4	post-WD	GWL	MBP11	GWL11	WD	2	7/10/17	NA	NA	NA	NA	NA	NA	NA	27-4-GWL11
130	GCCAACAACCAT	AATGATACGGCGACCACCGAGATCTACACGCCTCCCTCGCGCCATCAGAGATGTG	806rcbc130	130	Mouse	F	28	NA	NA	NA	NA	NA	NA	9.737318841	22.08	NA	NA	NA	4	28-4	post-WD	PWL	MBP09	PWL9	ND	2	7/10/17	NA	NA	NA	NA	NA	NA	NA	28-4-PWL9
131	ATCAGTACTAGG	AATGATACGGCGACCACCGAGATCTACACGCCTCCCTCGCGCCATCAGAGATGTG	806rcbc131	131	Mouse	F	29	NA	NA	NA	NA	NA	NA	43.58870968	24.8	NA	NA	NA	4	29-4	post-WD	GWL	MBP11	GWL11	WD	2	7/10/17	NA	NA	NA	NA	NA	NA	NA	29-4-GWL11
132	TCCTCGAGCGAT	AATGATACGGCGACCACCGAGATCTACACGCCTCCCTCGCGCCATCAGAGATGTG	806rcbc132	132	Mouse	F	30	NA	NA	NA	NA	NA	NA	67.60617761	25.9	NA	NA	NA	4	30-4	post-WD	PWL	MBP09	PWL9	WD	2	7/10/17	NA	NA	NA	NA	NA	NA	NA	30-4-PWL9
133	ACCCAAGCGTTA	AATGATACGGCGACCACCGAGATCTACACGCCTCCCTCGCGCCATCAGAGATGTG	806rcbc133	133	Mouse	F	31	NA	NA	NA	NA	NA	NA	57.67805681	24.29	NA	NA	NA	4	31-4	post-WD	GWL	MBP10	GWL10	WD	2	7/10/17	NA	NA	NA	NA	NA	NA	NA	31-4-GWL10
134	TGCAGCAAGATT	AATGATACGGCGACCACCGAGATCTACACGCCTCCCTCGCGCCATCAGAGATGTG	806rcbc134	134	Mouse	F	32	NA	NA	NA	NA	NA	NA	2.004555809	21.95	NA	NA	NA	4	32-4	post-WD	GWL	MBP12	GWL12	ND	2	7/10/17	NA	NA	NA	NA	NA	NA	NA	32-4-GWL12
135	AGCAACATTGCA	AATGATACGGCGACCACCGAGATCTACACGCCTCCCTCGCGCCATCAGAGATGTG	806rcbc135	135	Mouse	F	33	NA	NA	NA	NA	NA	NA	45.45454545	22.88	NA	NA	NA	4	33-4	post-WD	GWL	MBP10	GWL10	WD	2	7/10/17	NA	NA	NA	NA	NA	NA	NA	33-4-GWL10
151	AGCTATGTATGG	AATGATACGGCGACCACCGAGATCTACACGCCTCCCTCGCGCCATCAGAGATGTG	806rcbc151	151	Mouse	F	34	NA	NA	NA	NA	NA	NA	38.79194631	22.35	NA	NA	NA	4	34-4	post-WD	PWL	MBP13	PWL13	WD	2	7/10/17	NA	NA	NA	NA	NA	NA	NA	34-4-PWL13
152	ACGGGTCATCAT	AATGATACGGCGACCACCGAGATCTACACGCCTCCCTCGCGCCATCAGAGATGTG	806rcbc152	152	Mouse	F	35	NA	NA	NA	NA	NA	NA	32.00787402	25.4	NA	NA	NA	4	35-4	post-WD	GWL	MBP10	GWL10	ND	2	7/10/17	NA	NA	NA	NA	NA	NA	NA	35-4-GWL10
153	GAAACATCCCAC	AATGATACGGCGACCACCGAGATCTACACGCCTCCCTCGCGCCATCAGAGATGTG	806rcbc153	153	Mouse	F	36	NA	NA	NA	NA	NA	NA	6.704591629	24.61	NA	NA	NA	4	36-4	post-WD	PWL	MBP13	PWL13	ND	2	7/10/17	NA	NA	NA	NA	NA	NA	NA	36-4-PWL13
154	CGTACTCTCGAG	AATGATACGGCGACCACCGAGATCTACACGCCTCCCTCGCGCCATCAGAGATGTG	806rcbc154	154	Mouse	F	37	NA	NA	NA	NA	NA	NA	8.91787099	28.37	NA	NA	NA	4	37-4	post-WD	GWL	MBP12	GWL12	ND	2	7/10/17	NA	NA	NA	NA	NA	NA	NA	37-4-GWL12
155	TCAGTTCTCGTT	AATGATACGGCGACCACCGAGATCTACACGCCTCCCTCGCGCCATCAGAGATGTG	806rcbc155	155	Mouse	F	38	NA	NA	NA	NA	NA	NA	54.87711214	26.04	NA	NA	NA	4	38-4	post-WD	PWL	MBP13	PWL13	WD	2	7/10/17	NA	NA	NA	NA	NA	NA	NA	38-4-PWL13
156	TCGTGCGTGTTG	AATGATACGGCGACCACCGAGATCTACACGCCTCCCTCGCGCCATCAGAGATGTG	806rcbc156	156	Mouse	F	39	NA	NA	NA	NA	NA	NA	48.6770073	21.92	NA	NA	NA	4	39-4	post-WD	GWL	MBP12	GWL12	WD	2	7/10/17	NA	NA	NA	NA	NA	NA	NA	39-4-GWL12
172	CACTGGTGCATA	AATGATACGGCGACCACCGAGATCTACACGCCTCCCTCGCGCCATCAGAGATGTG	806rcbc172	172	Mouse	F	40	NA	NA	NA	NA	NA	NA	13.08251389	23.39	NA	NA	NA	4	40-4	post-WD	Ctrl	MBP15	CTRL15	ND	3	8/26/17	NA	NA	NA	NA	NA	NA	NA	40-4-CTRL15
173	AACGTAGGCTCT	AATGATACGGCGACCACCGAGATCTACACGCCTCCCTCGCGCCATCAGAGATGTG	806rcbc173	173	Mouse	F	41	NA	NA	NA	NA	NA	NA	28.2807309	24.08	NA	NA	NA	4	41-4	post-WD	Ctrl	MBP15	CTRL15	WD	3	8/26/17	NA	NA	NA	NA	NA	NA	NA	41-4-CTRL15
174	AGTTGTAGTCCG	AATGATACGGCGACCACCGAGATCTACACGCCTCCCTCGCGCCATCAGAGATGTG	806rcbc174	174	Mouse	F	42	NA	NA	NA	NA	NA	NA	7.156979043	25.29	NA	NA	NA	4	42-4	post-WD	Ctrl	MBP15	CRTL15	ND	3	8/26/17	NA	NA	NA	NA	NA	NA	NA	42-4-CRTL15
175	TCGTCAAACCCG	AATGATACGGCGACCACCGAGATCTACACGCCTCCCTCGCGCCATCAGAGATGTG	806rcbc175	175	Mouse	F	43	NA	NA	NA	NA	NA	NA	37.87004998	26.01	NA	NA	NA	4	43-4	post-WD	Ctrl	MBP16	CTRL16	WD	3	8/26/17	NA	NA	NA	NA	NA	NA	NA	43-4-CTRL16
176	TAATCGGTGCCA	AATGATACGGCGACCACCGAGATCTACACGCCTCCCTCGCGCCATCAGAGATGTG	806rcbc176	176	Mouse	F	44	NA	NA	NA	NA	NA	NA	4.556550041	24.58	NA	NA	NA	4	44-4	post-WD	Ctrl	MBP16	CTRL16	ND	3	8/26/17	NA	NA	NA	NA	NA	NA	NA	44-4-CTRL16
177	TTGATCCGGTAG	AATGATACGGCGACCACCGAGATCTACACGCCTCCCTCGCGCCATCAGAGATGTG	806rcbc177	177	Mouse	F	45	NA	NA	NA	NA	NA	NA	27.41471434	24.33	NA	NA	NA	4	45-4	post-WD	Ctrl	MBP16	CTRL16	WD	3	8/26/17	NA	NA	NA	NA	NA	NA	NA	45-4-CTRL16
178	CGGGTGTTTGCT	AATGATACGGCGACCACCGAGATCTACACGCCTCCCTCGCGCCATCAGAGATGTG	806rcbc178	178	Mouse	F	46	NA	NA	NA	NA	NA	NA	3.624454148	22.9	NA	NA	NA	4	46-4	post-WD	Ctrl	MBP17	CTRL17	ND	3	8/26/17	NA	NA	NA	NA	NA	NA	NA	46-4-CTRL17
179	TTGACCGCGGTT	AATGATACGGCGACCACCGAGATCTACACGCCTCCCTCGCGCCATCAGAGATGTG	806rcbc179	179	Mouse	F	47	NA	NA	NA	NA	NA	NA	42.14513557	25.08	NA	NA	NA	4	47-4	post-WD	Ctrl	MBP17	CTRL17	WD	3	8/26/17	NA	NA	NA	NA	NA	NA	NA	47-4-CTRL17
180	GTGCAACCAATC	AATGATACGGCGACCACCGAGATCTACACGCCTCCCTCGCGCCATCAGAGATGTG	806rcbc180	180	Mouse	F	48	NA	NA	NA	NA	NA	NA	5.118601748	24.03	NA	NA	NA	4	48-4	post-WD	Ctrl	MBP17	CTRL17	ND	3	8/26/17	NA	NA	NA	NA	NA	NA	NA	48-4-CTRL17
181	GCTTGAGCTTGA	AATGATACGGCGACCACCGAGATCTACACGCCTCCCTCGCGCCATCAGAGATGTG	806rcbc181	181	Mouse	F	49	NA	NA	NA	NA	NA	NA	49.70144011	28.47	NA	NA	NA	4	49-4	post-WD	Ctrl	MBP19	CTRL19	WD	3	8/26/17	NA	NA	NA	NA	NA	NA	NA	49-4-CTRL19
182	CGCTGTGGATTA	AATGATACGGCGACCACCGAGATCTACACGCCTCCCTCGCGCCATCAGAGATGTG	806rcbc182	182	Mouse	F	50	NA	NA	NA	NA	NA	NA	6.273909717	26.14	NA	NA	NA	4	50-4	post-WD	Ctrl	MBP19	CTRL19	ND	3	8/26/17	NA	NA	NA	NA	NA	NA	NA	50-4-CTRL19
183	CTGTCAGTGACC	AATGATACGGCGACCACCGAGATCTACACGCCTCCCTCGCGCCATCAGAGATGTG	806rcbc183	183	Mouse	F	51	NA	NA	NA	NA	NA	NA	43.00040112	24.93	NA	NA	NA	4	51-4	post-WD	Ctrl	MBP19	CTRL19	WD	3	8/26/17	NA	NA	NA	NA	NA	NA	NA	51-4-CTRL19
184	ACGATTCGAGTC	AATGATACGGCGACCACCGAGATCTACACGCCTCCCTCGCGCCATCAGAGATGTG	806rcbc184	184	Mouse	F	53	NA	NA	NA	NA	NA	NA	1.056910569	24.6	NA	NA	NA	4	53-4	post-WD	Ctrl	MBP20	CTRL20	ND	3	8/26/17	NA	NA	NA	NA	NA	NA	NA	53-4-CTRL20
185	GGTTCGGTCCAT	AATGATACGGCGACCACCGAGATCTACACGCCTCCCTCGCGCCATCAGAGATGTG	806rcbc185	185	Mouse	F	54	NA	NA	NA	NA	NA	NA	49.87332609	27.63	NA	NA	NA	4	54-4	post-WD	Ctrl	MBP20	CTRL20	WD	3	8/26/17	NA	NA	NA	NA	NA	NA	NA	54-4-CTRL20
193	GCATCAGAGTTA	AATGATACGGCGACCACCGAGATCTACACGCCTCCCTCGCGCCATCAGAGATGTG	806rcbc193	193	Human	F	10H	NA	NA	NA	NA	NA	NA	NA	NA	NA	NA	NA	MBP	10H-MBP	Human	GWL	MBP10	GWL10	NA	NA	NA	50.54	13.76	681.72	2.9125	2.4175	11.035	16.365	10H-MBP
194	GTGGTCATCGTA	AATGATACGGCGACCACCGAGATCTACACGCCTCCCTCGCGCCATCAGAGATGTG	806rcbc194	194	Human	F	11H	NA	NA	NA	NA	NA	NA	NA	NA	NA	NA	NA	MBP	11H-MBP	Human	GWL	MBP11	GWL11	NA	NA	NA	38.45	13.04	712.67	5.064166667	4.9975	16.23583333	26.2975	11H-MBP
195	CTGAAGGGCGAA	AATGATACGGCGACCACCGAGATCTACACGCCTCCCTCGCGCCATCAGAGATGTG	806rcbc195	195	Human	F	12H	NA	NA	NA	NA	NA	NA	NA	NA	NA	NA	NA	MBP	12H-MBP	Human	GWL	MBP12	GWL12	NA	NA	NA	36.07	13.47	644.8	2.554166667	8.888333333	8.856666667	20.29916667	12H-MBP
196	CGCTCACAGAAT	AATGATACGGCGACCACCGAGATCTACACGCCTCCCTCGCGCCATCAGAGATGTG	806rcbc196	196	Human	F	13H	NA	NA	NA	NA	NA	NA	NA	NA	NA	NA	NA	MBP	13H-MBP	Human	PWL	MBP13	PWL13	NA	NA	NA	33.85	14.79	582.32	13.69166667	15.4375	37.24166667	66.37083333	13H-MBP
197	ATTCGGTAGTGC	AATGATACGGCGACCACCGAGATCTACACGCCTCCCTCGCGCCATCAGAGATGTG	806rcbc197	197	Human	F	14H	NA	NA	NA	NA	NA	NA	NA	NA	NA	NA	NA	MBP	14H-MBP	Human	PWL	MBP14	PWL14	NA	NA	NA	28.46	10.44	448.25	4.49	8.019166667	14.1875	26.69666667	14H-MBP
198	CGAGCTGTTACC	AATGATACGGCGACCACCGAGATCTACACGCCTCCCTCGCGCCATCAGAGATGTG	806rcbc198	198	Human	F	15H	NA	NA	NA	NA	NA	NA	NA	NA	NA	NA	NA	MBP	15H-MBP	Human	Ctrl	MBP15	CTRL15	NA	NA	NA	10.29	7.9	337.52	9.203333333	1.975833333	9.950833333	21.13	15H-MBP
199	CAACACATGCTG	AATGATACGGCGACCACCGAGATCTACACGCCTCCCTCGCGCCATCAGAGATGTG	806rcbc199	199	Human	F	16H	NA	NA	NA	NA	NA	NA	NA	NA	NA	NA	NA	MBP	16H-MBP	Human	Ctrl	MBP16	CTRL16	NA	NA	NA	13.34	2.68	524.8	0	2.060833333	3.808333333	5.869166667	16H-MBP
200	ATTCTCTCACGT	AATGATACGGCGACCACCGAGATCTACACGCCTCCCTCGCGCCATCAGAGATGTG	806rcbc200	200	Human	F	17H	NA	NA	NA	NA	NA	NA	NA	NA	NA	NA	NA	MBP	17H-MBP	Human	Ctrl	MBP17	CTRL17	NA	NA	NA	10.45	2.62	523.31	2.465	5.9275	5.699166667	14.09166667	17H-MBP
201	CGACTCTAAACG	AATGATACGGCGACCACCGAGATCTACACGCCTCCCTCGCGCCATCAGAGATGTG	806rcbc201	201	Human	F	18H	NA	NA	NA	NA	NA	NA	NA	NA	NA	NA	NA	MBP	18H-MBP	Human	Ctrl	MBP18	CTRL18	NA	NA	NA	9.25	6.37	326.96	0	2.685833333	3.443333333	6.129166667	18H-MBP
202	GTCTTCAGCAAG	AATGATACGGCGACCACCGAGATCTACACGCCTCCCTCGCGCCATCAGAGATGTG	806rcbc202	202	Human	F	19H	NA	NA	NA	NA	NA	NA	NA	NA	NA	NA	NA	MBP	19H-MBP	Human	Ctrl	MBP19	CTRL19	NA	NA	NA	19.13	8.76	541.95	0.999166667	3.593333333	5.976666667	10.56916667	19H-MBP
186	CTGATCCATCTT	AATGATACGGCGACCACCGAGATCTACACGCCTCCCTCGCGCCATCAGAGATGTG	806rcbc186	186	Human	F	1H	NA	NA	NA	NA	NA	NA	NA	NA	NA	NA	NA	MBP	1H-MBP	Human	PWL	MBP01	PWL1	NA	NA	NA	24.95	8.74	784.78	3.75	6.095833333	8.5875	18.43333333	1H-MBP
203	CGGATAACCTCC	AATGATACGGCGACCACCGAGATCTACACGCCTCCCTCGCGCCATCAGAGATGTG	806rcbc203	203	Human	F	20H	NA	NA	NA	NA	NA	NA	NA	NA	NA	NA	NA	MBP	20H-MBP	Human	Ctrl	MBP20	CTRL20	NA	NA	NA	7.77	7.28	306.55	0	1.24	3.791666667	5.031666667	20H-MBP
187	TATGTGCCGGCT	AATGATACGGCGACCACCGAGATCTACACGCCTCCCTCGCGCCATCAGAGATGTG	806rcbc187	187	Human	F	2H	NA	NA	NA	NA	NA	NA	NA	NA	NA	NA	NA	MBP	2H-MBP	Human	GWL	MBP02	GWL2	NA	NA	NA	25.31	10.11	675.36	3.715	3.185	9.525833333	16.42583333	2H-MBP
188	TGGTCGCATCGT	AATGATACGGCGACCACCGAGATCTACACGCCTCCCTCGCGCCATCAGAGATGTG	806rcbc188	188	Human	F	3H	NA	NA	NA	NA	NA	NA	NA	NA	NA	NA	NA	MBP	3H-MBP	Human	GWL	MBP03	GWL3	NA	NA	NA	34.61	10.7	952.36	3.8175	17.19333333	18.6725	39.68333333	3H-MBP
189	TGTAAGACTTGG	AATGATACGGCGACCACCGAGATCTACACGCCTCCCTCGCGCCATCAGAGATGTG	806rcbc189	189	Human	F	4H	NA	NA	NA	NA	NA	NA	NA	NA	NA	NA	NA	MBP	4H-MBP	Human	PWL	MBP04	PWL4	NA	NA	NA	15.5	10.91	864.2	3.72	11.2125	12.5025	27.435	4H-MBP
190	CGGATCTAGTGT	AATGATACGGCGACCACCGAGATCTACACGCCTCCCTCGCGCCATCAGAGATGTG	806rcbc190	190	Human	F	5H	NA	NA	NA	NA	NA	NA	NA	NA	NA	NA	NA	MBP	5H-MBP	Human	PWL	MBP05	PWL5	NA	NA	NA	34.21	13.8	1018.06	3.815833333	4.933333333	12.73166667	21.48083333	5H-MBP
191	CGATCTTCGAGC	AATGATACGGCGACCACCGAGATCTACACGCCTCCCTCGCGCCATCAGAGATGTG	806rcbc191	191	Human	F	7H	NA	NA	NA	NA	NA	NA	NA	NA	NA	NA	NA	MBP	7H-MBP	Human	GWL	MBP07	GWL7	NA	NA	NA	48.79	20.64	1303.07	3.916666667	9.1925	7.233333333	20.3425	7H-MBP
192	GTCGAATTTGCG	AATGATACGGCGACCACCGAGATCTACACGCCTCCCTCGCGCCATCAGAGATGTG	806rcbc192	192	Human	F	9H	NA	NA	NA	NA	NA	NA	NA	NA	NA	NA	NA	MBP	9H-MBP	Human	PWL	MBP09	PWL9	NA	NA	NA	53.75	18.01	732.18	1.04	1.193333333	5.685833333	7.919166667	9H-MBP
